,year,week,team_name,score,opp_score,opp_team_name,win,week_avg,plus_minus,opp_plus_minus
0,2013,1,Team Master Baiters,95.0,100.0,Somewhere over Dwyane Bowe,False,98.7,-3.700000000000003,1.2999999999999972
1,2013,1,Somewhere over Dwyane Bowe,100.0,95.0,Team Master Baiters,True,98.7,1.2999999999999972,-3.700000000000003
2,2013,1,Morning Woodhead,94.0,99.0,Team Dildo Gaggins,False,98.7,-4.700000000000003,0.29999999999999716
3,2013,1,Team Dildo Gaggins,99.0,94.0,Morning Woodhead,True,98.7,0.29999999999999716,-4.700000000000003
4,2013,1,Geico Trap,138.0,87.0,Team Cheokas,True,98.7,39.3,-11.700000000000003
5,2013,1,Team Cheokas,87.0,138.0,Geico Trap,False,98.7,-11.700000000000003,39.3
6,2013,1,i JACQUIZZED on ur mom,112.0,81.0,Hernandez's  Hit Men,True,98.7,13.299999999999997,-17.700000000000003
7,2013,1,Hernandez's  Hit Men,81.0,112.0,i JACQUIZZED on ur mom,False,98.7,-17.700000000000003,13.299999999999997
8,2013,1,Team NYC Sour D,110.0,71.0,Team Han,True,98.7,11.299999999999997,-27.700000000000003
9,2013,1,Team Han,71.0,110.0,Team NYC Sour D,False,98.7,-27.700000000000003,11.299999999999997
0,2013,2,Geico Trap,91.0,100.0,Morning Woodhead,False,89.3,1.7000000000000028,10.700000000000003
1,2013,2,Morning Woodhead,100.0,91.0,Geico Trap,True,89.3,10.700000000000003,1.7000000000000028
2,2013,2,Somewhere over Dwyane Bowe,87.0,64.0,i JACQUIZZED on ur mom,True,89.3,-2.299999999999997,-25.299999999999997
3,2013,2,i JACQUIZZED on ur mom,64.0,87.0,Somewhere over Dwyane Bowe,False,89.3,-25.299999999999997,-2.299999999999997
4,2013,2,Team Master Baiters,74.0,81.0,Team NYC Sour D,False,89.3,-15.299999999999997,-8.299999999999997
5,2013,2,Team NYC Sour D,81.0,74.0,Team Master Baiters,True,89.3,-8.299999999999997,-15.299999999999997
6,2013,2,Team Dildo Gaggins,132.0,92.0,Hernandez's  Hit Men,True,89.3,42.7,2.700000000000003
7,2013,2,Hernandez's  Hit Men,92.0,132.0,Team Dildo Gaggins,False,89.3,2.700000000000003,42.7
8,2013,2,Team Cheokas,68.0,104.0,Team Han,False,89.3,-21.299999999999997,14.700000000000003
9,2013,2,Team Han,104.0,68.0,Team Cheokas,True,89.3,14.700000000000003,-21.299999999999997
0,2013,3,Team NYC Sour D,111.0,88.0,i JACQUIZZED on ur mom,True,81.4,29.599999999999994,6.599999999999994
1,2013,3,i JACQUIZZED on ur mom,88.0,111.0,Team NYC Sour D,False,81.4,6.599999999999994,29.599999999999994
2,2013,3,Hernandez's  Hit Men,65.0,88.0,Morning Woodhead,False,81.4,-16.400000000000006,6.599999999999994
3,2013,3,Morning Woodhead,88.0,65.0,Hernandez's  Hit Men,True,81.4,6.599999999999994,-16.400000000000006
4,2013,3,Team Han,87.0,90.0,Geico Trap,False,81.4,5.599999999999994,8.599999999999994
5,2013,3,Geico Trap,90.0,87.0,Team Han,True,81.4,8.599999999999994,5.599999999999994
6,2013,3,Team Dildo Gaggins,80.0,53.0,Somewhere over Dwyane Bowe,True,81.4,-1.4000000000000057,-28.400000000000006
7,2013,3,Somewhere over Dwyane Bowe,53.0,80.0,Team Dildo Gaggins,False,81.4,-28.400000000000006,-1.4000000000000057
8,2013,3,Team Cheokas,86.0,66.0,Team Master Baiters,True,81.4,4.599999999999994,-15.400000000000006
9,2013,3,Team Master Baiters,66.0,86.0,Team Cheokas,False,81.4,-15.400000000000006,4.599999999999994
0,2013,4,Hernandez's  Hit Men,91.0,89.0,Team Han,True,100.9,-9.900000000000006,-11.900000000000006
1,2013,4,Team Han,89.0,91.0,Hernandez's  Hit Men,False,100.9,-11.900000000000006,-9.900000000000006
2,2013,4,i JACQUIZZED on ur mom,144.0,82.0,Team Dildo Gaggins,True,100.9,43.099999999999994,-18.900000000000006
3,2013,4,Team Dildo Gaggins,82.0,144.0,i JACQUIZZED on ur mom,False,100.9,-18.900000000000006,43.099999999999994
4,2013,4,Team NYC Sour D,89.0,80.0,Team Cheokas,True,100.9,-11.900000000000006,-20.900000000000006
5,2013,4,Team Cheokas,80.0,89.0,Team NYC Sour D,False,100.9,-20.900000000000006,-11.900000000000006
6,2013,4,Morning Woodhead,124.0,112.0,Somewhere over Dwyane Bowe,True,100.9,23.099999999999994,11.099999999999994
7,2013,4,Somewhere over Dwyane Bowe,112.0,124.0,Morning Woodhead,False,100.9,11.099999999999994,23.099999999999994
8,2013,4,Geico Trap,87.0,111.0,Team Master Baiters,False,100.9,-13.900000000000006,10.099999999999994
9,2013,4,Team Master Baiters,111.0,87.0,Geico Trap,True,100.9,10.099999999999994,-13.900000000000006
0,2013,5,Team Cheokas,98.0,85.0,Team Dildo Gaggins,True,88.3,9.700000000000003,-3.299999999999997
1,2013,5,Team Dildo Gaggins,85.0,98.0,Team Cheokas,False,88.3,-3.299999999999997,9.700000000000003
2,2013,5,Somewhere over Dwyane Bowe,86.0,71.0,Hernandez's  Hit Men,True,88.3,-2.299999999999997,-17.299999999999997
3,2013,5,Hernandez's  Hit Men,71.0,86.0,Somewhere over Dwyane Bowe,False,88.3,-17.299999999999997,-2.299999999999997
4,2013,5,Team Master Baiters,69.0,62.0,Team Han,True,88.3,-19.299999999999997,-26.299999999999997
5,2013,5,Team Han,62.0,69.0,Team Master Baiters,False,88.3,-26.299999999999997,-19.299999999999997
6,2013,5,Morning Woodhead,108.0,97.0,i JACQUIZZED on ur mom,True,88.3,19.700000000000003,8.700000000000003
7,2013,5,i JACQUIZZED on ur mom,97.0,108.0,Morning Woodhead,False,88.3,8.700000000000003,19.700000000000003
8,2013,5,Geico Trap,99.0,108.0,Team NYC Sour D,False,88.3,10.700000000000003,19.700000000000003
9,2013,5,Team NYC Sour D,108.0,99.0,Geico Trap,True,88.3,19.700000000000003,10.700000000000003
0,2013,6,Morning Woodhead,88.0,62.0,Team Master Baiters,True,88.8,-0.7999999999999972,-26.799999999999997
1,2013,6,Team Master Baiters,62.0,88.0,Morning Woodhead,False,88.8,-26.799999999999997,-0.7999999999999972
2,2013,6,i JACQUIZZED on ur mom,70.0,70.0,Geico Trap,False,88.8,-18.799999999999997,-18.799999999999997
3,2013,6,Geico Trap,70.0,70.0,i JACQUIZZED on ur mom,False,88.8,-18.799999999999997,-18.799999999999997
4,2013,6,Hernandez's  Hit Men,141.0,77.0,Team NYC Sour D,True,88.8,52.2,-11.799999999999997
5,2013,6,Team NYC Sour D,77.0,141.0,Hernandez's  Hit Men,False,88.8,-11.799999999999997,52.2
6,2013,6,Team Dildo Gaggins,63.0,79.0,Team Han,False,88.8,-25.799999999999997,-9.799999999999997
7,2013,6,Team Han,79.0,63.0,Team Dildo Gaggins,True,88.8,-9.799999999999997,-25.799999999999997
8,2013,6,Somewhere over Dwyane Bowe,138.0,100.0,Team Cheokas,True,88.8,49.2,11.200000000000003
9,2013,6,Team Cheokas,100.0,138.0,Somewhere over Dwyane Bowe,False,88.8,11.200000000000003,49.2
0,2013,7,Team Master Baiters,77.0,91.0,i JACQUIZZED on ur mom,False,86.2,-9.200000000000003,4.799999999999997
1,2013,7,i JACQUIZZED on ur mom,91.0,77.0,Team Master Baiters,True,86.2,4.799999999999997,-9.200000000000003
2,2013,7,Geico Trap,88.0,96.0,Hernandez's  Hit Men,False,86.2,1.7999999999999972,9.799999999999997
3,2013,7,Hernandez's  Hit Men,96.0,88.0,Geico Trap,True,86.2,9.799999999999997,1.7999999999999972
4,2013,7,Team NYC Sour D,74.0,71.0,Team Dildo Gaggins,True,86.2,-12.200000000000003,-15.200000000000003
5,2013,7,Team Dildo Gaggins,71.0,74.0,Team NYC Sour D,False,86.2,-15.200000000000003,-12.200000000000003
6,2013,7,Team Han,94.0,79.0,Somewhere over Dwyane Bowe,True,86.2,7.799999999999997,-7.200000000000003
7,2013,7,Somewhere over Dwyane Bowe,79.0,94.0,Team Han,False,86.2,-7.200000000000003,7.799999999999997
8,2013,7,Team Cheokas,77.0,115.0,Morning Woodhead,False,86.2,-9.200000000000003,28.799999999999997
9,2013,7,Morning Woodhead,115.0,77.0,Team Cheokas,True,86.2,28.799999999999997,-9.200000000000003
0,2013,8,Hernandez's  Hit Men,91.0,126.0,Team Master Baiters,False,88.9,2.0999999999999943,37.099999999999994
1,2013,8,Team Master Baiters,126.0,91.0,Hernandez's  Hit Men,True,88.9,37.099999999999994,2.0999999999999943
2,2013,8,Team Dildo Gaggins,98.0,78.0,Geico Trap,True,88.9,9.099999999999994,-10.900000000000006
3,2013,8,Geico Trap,78.0,98.0,Team Dildo Gaggins,False,88.9,-10.900000000000006,9.099999999999994
4,2013,8,Somewhere over Dwyane Bowe,47.0,71.0,Team NYC Sour D,False,88.9,-41.900000000000006,-17.900000000000006
5,2013,8,Team NYC Sour D,71.0,47.0,Somewhere over Dwyane Bowe,True,88.9,-17.900000000000006,-41.900000000000006
6,2013,8,Morning Woodhead,94.0,70.0,Team Han,True,88.9,5.099999999999994,-18.900000000000006
7,2013,8,Team Han,70.0,94.0,Morning Woodhead,False,88.9,-18.900000000000006,5.099999999999994
8,2013,8,i JACQUIZZED on ur mom,105.0,109.0,Team Cheokas,False,88.9,16.099999999999994,20.099999999999994
9,2013,8,Team Cheokas,109.0,105.0,i JACQUIZZED on ur mom,True,88.9,20.099999999999994,16.099999999999994
0,2013,9,Somewhere over Dwyane Bowe,85.0,100.0,Geico Trap,False,95.7,-10.700000000000003,4.299999999999997
1,2013,9,Geico Trap,100.0,85.0,Somewhere over Dwyane Bowe,True,95.7,4.299999999999997,-10.700000000000003
2,2013,9,Morning Woodhead,86.0,124.0,Team NYC Sour D,False,95.7,-9.700000000000003,28.299999999999997
3,2013,9,Team NYC Sour D,124.0,86.0,Morning Woodhead,True,95.7,28.299999999999997,-9.700000000000003
4,2013,9,i JACQUIZZED on ur mom,91.0,112.0,Team Han,False,95.7,-4.700000000000003,16.299999999999997
5,2013,9,Team Han,112.0,91.0,i JACQUIZZED on ur mom,True,95.7,16.299999999999997,-4.700000000000003
6,2013,9,Hernandez's  Hit Men,91.0,118.0,Team Cheokas,False,95.7,-4.700000000000003,22.299999999999997
7,2013,9,Team Cheokas,118.0,91.0,Hernandez's  Hit Men,True,95.7,22.299999999999997,-4.700000000000003
8,2013,9,Team Master Baiters,110.0,40.0,Team Dildo Gaggins,True,95.7,14.299999999999997,-55.7
9,2013,9,Team Dildo Gaggins,40.0,110.0,Team Master Baiters,False,95.7,-55.7,14.299999999999997
0,2013,10,Team Master Baiters,97.0,58.0,Hernandez's  Hit Men,True,82.6,14.400000000000006,-24.599999999999994
1,2013,10,Hernandez's  Hit Men,58.0,97.0,Team Master Baiters,False,82.6,-24.599999999999994,14.400000000000006
2,2013,10,Team Cheokas,63.0,101.0,i JACQUIZZED on ur mom,False,82.6,-19.599999999999994,18.400000000000006
3,2013,10,i JACQUIZZED on ur mom,101.0,63.0,Team Cheokas,True,82.6,18.400000000000006,-19.599999999999994
4,2013,10,Team NYC Sour D,91.0,61.0,Morning Woodhead,True,82.6,8.400000000000006,-21.599999999999994
5,2013,10,Morning Woodhead,61.0,91.0,Team NYC Sour D,False,82.6,-21.599999999999994,8.400000000000006
6,2013,10,Team Han,89.0,45.0,Team Dildo Gaggins,True,82.6,6.400000000000006,-37.599999999999994
7,2013,10,Team Dildo Gaggins,45.0,89.0,Team Han,False,82.6,-37.599999999999994,6.400000000000006
8,2013,10,Geico Trap,128.0,93.0,Somewhere over Dwyane Bowe,True,82.6,45.400000000000006,10.400000000000006
9,2013,10,Somewhere over Dwyane Bowe,93.0,128.0,Geico Trap,False,82.6,10.400000000000006,45.400000000000006
0,2014,1,Gronk if You're Horny,109.0,115.5,Turn Down for  Watt,False,102.85,6.150000000000006,12.650000000000006
1,2014,1,Turn Down for  Watt,115.5,109.0,Gronk if You're Horny,True,102.85,12.650000000000006,6.150000000000006
2,2014,1,"Half Jap, Half Jew Children",103.5,95.0,Team Dildo Gaggins,True,102.85,0.6500000000000057,-7.849999999999994
3,2014,1,Team Dildo Gaggins,95.0,103.5,"Half Jap, Half Jew Children",False,102.85,-7.849999999999994,0.6500000000000057
4,2014,1,Geico Trap,77.5,111.5,Team Cheokas,False,102.85,-25.349999999999994,8.650000000000006
5,2014,1,Team Cheokas,111.5,77.5,Geico Trap,True,102.85,8.650000000000006,-25.349999999999994
6,2014,1,Even the closet is bigger in TX,118.0,96.0,Monday Night Drinking Club,True,102.85,15.150000000000006,-6.849999999999994
7,2014,1,Monday Night Drinking Club,96.0,118.0,Even the closet is bigger in TX,False,102.85,-6.849999999999994,15.150000000000006
8,2014,1,Team NYC Sour D,85.5,117.0,Team Han,False,102.85,-17.349999999999994,14.150000000000006
9,2014,1,Team Han,117.0,85.5,Team NYC Sour D,True,102.85,14.150000000000006,-17.349999999999994
0,2014,2,Geico Trap,90.5,114.0,"Half Jap, Half Jew Children",False,93.4,-2.9000000000000057,20.599999999999994
1,2014,2,"Half Jap, Half Jew Children",114.0,90.5,Geico Trap,True,93.4,20.599999999999994,-2.9000000000000057
2,2014,2,Turn Down for  Watt,72.0,99.5,Even the closet is bigger in TX,False,93.4,-21.400000000000006,6.099999999999994
3,2014,2,Even the closet is bigger in TX,99.5,72.0,Turn Down for  Watt,True,93.4,6.099999999999994,-21.400000000000006
4,2014,2,Gronk if You're Horny,61.5,118.5,Team NYC Sour D,False,93.4,-31.900000000000006,25.099999999999994
5,2014,2,Team NYC Sour D,118.5,61.5,Gronk if You're Horny,True,93.4,25.099999999999994,-31.900000000000006
6,2014,2,Team Dildo Gaggins,109.5,73.5,Monday Night Drinking Club,True,93.4,16.099999999999994,-19.900000000000006
7,2014,2,Monday Night Drinking Club,73.5,109.5,Team Dildo Gaggins,False,93.4,-19.900000000000006,16.099999999999994
8,2014,2,Team Cheokas,88.0,107.0,Team Han,False,93.4,-5.400000000000006,13.599999999999994
9,2014,2,Team Han,107.0,88.0,Team Cheokas,True,93.4,13.599999999999994,-5.400000000000006
0,2014,3,Team NYC Sour D,69.0,68.0,Even the closet is bigger in TX,True,94.9,-25.900000000000006,-26.900000000000006
1,2014,3,Even the closet is bigger in TX,68.0,69.0,Team NYC Sour D,False,94.9,-26.900000000000006,-25.900000000000006
2,2014,3,Monday Night Drinking Club,128.0,134.0,"Half Jap, Half Jew Children",False,94.9,33.099999999999994,39.099999999999994
3,2014,3,"Half Jap, Half Jew Children",134.0,128.0,Monday Night Drinking Club,True,94.9,39.099999999999994,33.099999999999994
4,2014,3,Team Han,92.5,95.0,Geico Trap,False,94.9,-2.4000000000000057,0.09999999999999432
5,2014,3,Geico Trap,95.0,92.5,Team Han,True,94.9,0.09999999999999432,-2.4000000000000057
6,2014,3,Team Dildo Gaggins,68.0,77.0,Turn Down for  Watt,False,94.9,-26.900000000000006,-17.900000000000006
7,2014,3,Turn Down for  Watt,77.0,68.0,Team Dildo Gaggins,True,94.9,-17.900000000000006,-26.900000000000006
8,2014,3,Team Cheokas,116.5,101.0,Gronk if You're Horny,True,94.9,21.599999999999994,6.099999999999994
9,2014,3,Gronk if You're Horny,101.0,116.5,Team Cheokas,False,94.9,6.099999999999994,21.599999999999994
0,2014,4,Monday Night Drinking Club,115.5,82.0,Team Han,True,105.6,9.900000000000006,-23.599999999999994
1,2014,4,Team Han,82.0,115.5,Monday Night Drinking Club,False,105.6,-23.599999999999994,9.900000000000006
2,2014,4,Even the closet is bigger in TX,80.5,140.0,Team Dildo Gaggins,False,105.6,-25.099999999999994,34.400000000000006
3,2014,4,Team Dildo Gaggins,140.0,80.5,Even the closet is bigger in TX,True,105.6,34.400000000000006,-25.099999999999994
4,2014,4,Team NYC Sour D,92.5,99.5,Team Cheokas,False,105.6,-13.099999999999994,-6.099999999999994
5,2014,4,Team Cheokas,99.5,92.5,Team NYC Sour D,True,105.6,-6.099999999999994,-13.099999999999994
6,2014,4,"Half Jap, Half Jew Children",92.0,97.0,Turn Down for  Watt,False,105.6,-13.599999999999994,-8.599999999999994
7,2014,4,Turn Down for  Watt,97.0,92.0,"Half Jap, Half Jew Children",True,105.6,-8.599999999999994,-13.599999999999994
8,2014,4,Geico Trap,123.5,133.5,Gronk if You're Horny,False,105.6,17.900000000000006,27.900000000000006
9,2014,4,Gronk if You're Horny,133.5,123.5,Geico Trap,True,105.6,27.900000000000006,17.900000000000006
0,2014,5,Team Cheokas,104.5,101.5,Team Dildo Gaggins,True,100.85,3.6500000000000057,0.6500000000000057
1,2014,5,Team Dildo Gaggins,101.5,104.5,Team Cheokas,False,100.85,0.6500000000000057,3.6500000000000057
2,2014,5,Turn Down for  Watt,95.5,116.5,Monday Night Drinking Club,False,100.85,-5.349999999999994,15.650000000000006
3,2014,5,Monday Night Drinking Club,116.5,95.5,Turn Down for  Watt,True,100.85,15.650000000000006,-5.349999999999994
4,2014,5,Gronk if You're Horny,75.0,121.0,Team Han,False,100.85,-25.849999999999994,20.150000000000006
5,2014,5,Team Han,121.0,75.0,Gronk if You're Horny,True,100.85,20.150000000000006,-25.849999999999994
6,2014,5,"Half Jap, Half Jew Children",110.5,95.0,Even the closet is bigger in TX,True,100.85,9.650000000000006,-5.849999999999994
7,2014,5,Even the closet is bigger in TX,95.0,110.5,"Half Jap, Half Jew Children",False,100.85,-5.849999999999994,9.650000000000006
8,2014,5,Geico Trap,115.5,73.5,Team NYC Sour D,True,100.85,14.650000000000006,-27.349999999999994
9,2014,5,Team NYC Sour D,73.5,115.5,Geico Trap,False,100.85,-27.349999999999994,14.650000000000006
0,2014,6,"Half Jap, Half Jew Children",84.5,100.5,Gronk if You're Horny,False,108.5,-24.0,-8.0
1,2014,6,Gronk if You're Horny,100.5,84.5,"Half Jap, Half Jew Children",True,108.5,-8.0,-24.0
2,2014,6,Even the closet is bigger in TX,119.0,103.0,Geico Trap,True,108.5,10.5,-5.5
3,2014,6,Geico Trap,103.0,119.0,Even the closet is bigger in TX,False,108.5,-5.5,10.5
4,2014,6,Monday Night Drinking Club,127.0,132.0,Team NYC Sour D,False,108.5,18.5,23.5
5,2014,6,Team NYC Sour D,132.0,127.0,Monday Night Drinking Club,True,108.5,23.5,18.5
6,2014,6,Team Dildo Gaggins,128.5,106.5,Team Han,True,108.5,20.0,-2.0
7,2014,6,Team Han,106.5,128.5,Team Dildo Gaggins,False,108.5,-2.0,20.0
8,2014,6,Turn Down for  Watt,77.0,107.0,Team Cheokas,False,108.5,-31.5,-1.5
9,2014,6,Team Cheokas,107.0,77.0,Turn Down for  Watt,True,108.5,-1.5,-31.5
0,2014,7,Gronk if You're Horny,112.5,97.0,Even the closet is bigger in TX,True,94.55,17.950000000000003,2.450000000000003
1,2014,7,Even the closet is bigger in TX,97.0,112.5,Gronk if You're Horny,False,94.55,2.450000000000003,17.950000000000003
2,2014,7,Geico Trap,111.0,76.0,Monday Night Drinking Club,True,94.55,16.450000000000003,-18.549999999999997
3,2014,7,Monday Night Drinking Club,76.0,111.0,Geico Trap,False,94.55,-18.549999999999997,16.450000000000003
4,2014,7,Team NYC Sour D,116.0,103.0,Team Dildo Gaggins,True,94.55,21.450000000000003,8.450000000000003
5,2014,7,Team Dildo Gaggins,103.0,116.0,Team NYC Sour D,False,94.55,8.450000000000003,21.450000000000003
6,2014,7,Team Han,94.5,49.0,Turn Down for  Watt,True,94.55,-0.04999999999999716,-45.55
7,2014,7,Turn Down for  Watt,49.0,94.5,Team Han,False,94.55,-45.55,-0.04999999999999716
8,2014,7,Team Cheokas,117.0,69.5,"Half Jap, Half Jew Children",True,94.55,22.450000000000003,-25.049999999999997
9,2014,7,"Half Jap, Half Jew Children",69.5,117.0,Team Cheokas,False,94.55,-25.049999999999997,22.450000000000003
0,2014,8,Monday Night Drinking Club,148.0,79.0,Gronk if You're Horny,True,117.25,30.75,-38.25
1,2014,8,Gronk if You're Horny,79.0,148.0,Monday Night Drinking Club,False,117.25,-38.25,30.75
2,2014,8,Team Dildo Gaggins,125.0,125.0,Geico Trap,False,117.25,7.75,7.75
3,2014,8,Geico Trap,125.0,125.0,Team Dildo Gaggins,False,117.25,7.75,7.75
4,2014,8,Turn Down for  Watt,120.0,86.0,Team NYC Sour D,True,117.25,2.75,-31.25
5,2014,8,Team NYC Sour D,86.0,120.0,Turn Down for  Watt,False,117.25,-31.25,2.75
6,2014,8,"Half Jap, Half Jew Children",162.5,138.5,Team Han,True,117.25,45.25,21.25
7,2014,8,Team Han,138.5,162.5,"Half Jap, Half Jew Children",False,117.25,21.25,45.25
8,2014,8,Even the closet is bigger in TX,101.0,87.5,Team Cheokas,True,117.25,-16.25,-29.75
9,2014,8,Team Cheokas,87.5,101.0,Even the closet is bigger in TX,False,117.25,-29.75,-16.25
0,2014,9,Turn Down for  Watt,122.0,83.0,Geico Trap,True,108.4,13.599999999999994,-25.400000000000006
1,2014,9,Geico Trap,83.0,122.0,Turn Down for  Watt,False,108.4,-25.400000000000006,13.599999999999994
2,2014,9,"Half Jap, Half Jew Children",136.0,90.5,Team NYC Sour D,True,108.4,27.599999999999994,-17.900000000000006
3,2014,9,Team NYC Sour D,90.5,136.0,"Half Jap, Half Jew Children",False,108.4,-17.900000000000006,27.599999999999994
4,2014,9,Even the closet is bigger in TX,99.5,106.5,Team Han,False,108.4,-8.900000000000006,-1.9000000000000057
5,2014,9,Team Han,106.5,99.5,Even the closet is bigger in TX,True,108.4,-1.9000000000000057,-8.900000000000006
6,2014,9,Monday Night Drinking Club,139.5,97.0,Team Cheokas,True,108.4,31.099999999999994,-11.400000000000006
7,2014,9,Team Cheokas,97.0,139.5,Monday Night Drinking Club,False,108.4,-11.400000000000006,31.099999999999994
8,2014,9,Gronk if You're Horny,74.0,136.0,Team Dildo Gaggins,False,108.4,-34.400000000000006,27.599999999999994
9,2014,9,Team Dildo Gaggins,136.0,74.0,Gronk if You're Horny,True,108.4,27.599999999999994,-34.400000000000006
0,2014,10,Gronk if You're Horny,117.0,118.5,Monday Night Drinking Club,False,105.85,11.150000000000006,12.650000000000006
1,2014,10,Monday Night Drinking Club,118.5,117.0,Gronk if You're Horny,True,105.85,12.650000000000006,11.150000000000006
2,2014,10,Team Cheokas,108.5,48.0,Even the closet is bigger in TX,True,105.85,2.6500000000000057,-57.849999999999994
3,2014,10,Even the closet is bigger in TX,48.0,108.5,Team Cheokas,False,105.85,-57.849999999999994,2.6500000000000057
4,2014,10,Team NYC Sour D,134.5,161.0,"Half Jap, Half Jew Children",False,105.85,28.650000000000006,55.150000000000006
5,2014,10,"Half Jap, Half Jew Children",161.0,134.5,Team NYC Sour D,True,105.85,55.150000000000006,28.650000000000006
6,2014,10,Team Han,100.5,73.0,Team Dildo Gaggins,True,105.85,-5.349999999999994,-32.849999999999994
7,2014,10,Team Dildo Gaggins,73.0,100.5,Team Han,False,105.85,-32.849999999999994,-5.349999999999994
8,2014,10,Geico Trap,90.5,107.0,Turn Down for  Watt,False,105.85,-15.349999999999994,1.1500000000000057
9,2014,10,Turn Down for  Watt,107.0,90.5,Geico Trap,True,105.85,1.1500000000000057,-15.349999999999994
0,2015,1,Gronk if You're Horny,95.0,104.0,EZ Sweezy,False,105.25,-10.25,-1.25
1,2015,1,EZ Sweezy,104.0,95.0,Gronk if You're Horny,True,105.25,-1.25,-10.25
2,2015,1,Luck Her Right In The Percy,89.0,154.0,Team Dildo Gaggins,False,105.25,-16.25,48.75
3,2015,1,Team Dildo Gaggins,154.0,89.0,Luck Her Right In The Percy,True,105.25,48.75,-16.25
4,2015,1,Geico Trap,105.0,120.0,Artful Dodger,False,105.25,-0.25,14.75
5,2015,1,Artful Dodger,120.0,105.0,Geico Trap,True,105.25,14.75,-0.25
6,2015,1,New Delhi Sacko Threepeat,87.5,97.0,Monday Night Drinking Club,False,105.25,-17.75,-8.25
7,2015,1,Monday Night Drinking Club,97.0,87.5,New Delhi Sacko Threepeat,True,105.25,-8.25,-17.75
8,2015,1,Team NYC Sour D,90.5,110.5,Team Han,False,105.25,-14.75,5.25
9,2015,1,Team Han,110.5,90.5,Team NYC Sour D,True,105.25,5.25,-14.75
0,2015,2,Geico Trap,89.0,85.5,Luck Her Right In The Percy,True,93.15,-4.150000000000006,-7.650000000000006
1,2015,2,Luck Her Right In The Percy,85.5,89.0,Geico Trap,False,93.15,-7.650000000000006,-4.150000000000006
2,2015,2,EZ Sweezy,165.0,91.5,New Delhi Sacko Threepeat,True,93.15,71.85,-1.6500000000000057
3,2015,2,New Delhi Sacko Threepeat,91.5,165.0,EZ Sweezy,False,93.15,-1.6500000000000057,71.85
4,2015,2,Gronk if You're Horny,71.0,96.0,Team NYC Sour D,False,93.15,-22.150000000000006,2.8499999999999943
5,2015,2,Team NYC Sour D,96.0,71.0,Gronk if You're Horny,True,93.15,2.8499999999999943,-22.150000000000006
6,2015,2,Team Dildo Gaggins,79.5,84.5,Monday Night Drinking Club,False,93.15,-13.650000000000006,-8.650000000000006
7,2015,2,Monday Night Drinking Club,84.5,79.5,Team Dildo Gaggins,True,93.15,-8.650000000000006,-13.650000000000006
8,2015,2,Artful Dodger,78.5,91.0,Team Han,False,93.15,-14.650000000000006,-2.1500000000000057
9,2015,2,Team Han,91.0,78.5,Artful Dodger,True,93.15,-2.1500000000000057,-14.650000000000006
0,2015,3,Team NYC Sour D,128.0,82.0,New Delhi Sacko Threepeat,True,108.85,19.150000000000006,-26.849999999999994
1,2015,3,New Delhi Sacko Threepeat,82.0,128.0,Team NYC Sour D,False,108.85,-26.849999999999994,19.150000000000006
2,2015,3,Monday Night Drinking Club,121.5,89.5,Luck Her Right In The Percy,True,108.85,12.650000000000006,-19.349999999999994
3,2015,3,Luck Her Right In The Percy,89.5,121.5,Monday Night Drinking Club,False,108.85,-19.349999999999994,12.650000000000006
4,2015,3,Team Han,122.5,99.5,Geico Trap,True,108.85,13.650000000000006,-9.349999999999994
5,2015,3,Geico Trap,99.5,122.5,Team Han,False,108.85,-9.349999999999994,13.650000000000006
6,2015,3,Team Dildo Gaggins,108.5,113.0,EZ Sweezy,False,108.85,-0.3499999999999943,4.150000000000006
7,2015,3,EZ Sweezy,113.0,108.5,Team Dildo Gaggins,True,108.85,4.150000000000006,-0.3499999999999943
8,2015,3,Artful Dodger,71.0,153.0,Gronk if You're Horny,False,108.85,-37.849999999999994,44.150000000000006
9,2015,3,Gronk if You're Horny,153.0,71.0,Artful Dodger,True,108.85,44.150000000000006,-37.849999999999994
0,2015,4,Monday Night Drinking Club,101.0,108.0,Team Han,False,89.4,11.599999999999994,18.599999999999994
1,2015,4,Team Han,108.0,101.0,Monday Night Drinking Club,True,89.4,18.599999999999994,11.599999999999994
2,2015,4,New Delhi Sacko Threepeat,74.5,71.0,Team Dildo Gaggins,True,89.4,-14.900000000000006,-18.400000000000006
3,2015,4,Team Dildo Gaggins,71.0,74.5,New Delhi Sacko Threepeat,False,89.4,-18.400000000000006,-14.900000000000006
4,2015,4,Team NYC Sour D,68.0,136.0,Artful Dodger,False,89.4,-21.400000000000006,46.599999999999994
5,2015,4,Artful Dodger,136.0,68.0,Team NYC Sour D,True,89.4,46.599999999999994,-21.400000000000006
6,2015,4,Luck Her Right In The Percy,96.5,77.0,EZ Sweezy,True,89.4,7.099999999999994,-12.400000000000006
7,2015,4,EZ Sweezy,77.0,96.5,Luck Her Right In The Percy,False,89.4,-12.400000000000006,7.099999999999994
8,2015,4,Geico Trap,104.0,58.0,Gronk if You're Horny,True,89.4,14.599999999999994,-31.400000000000006
9,2015,4,Gronk if You're Horny,58.0,104.0,Geico Trap,False,89.4,-31.400000000000006,14.599999999999994
0,2015,5,Artful Dodger,117.5,117.0,Team Dildo Gaggins,True,99.15,18.349999999999994,17.849999999999994
1,2015,5,Team Dildo Gaggins,117.0,117.5,Artful Dodger,False,99.15,17.849999999999994,18.349999999999994
2,2015,5,EZ Sweezy,102.0,145.5,Monday Night Drinking Club,False,99.15,2.8499999999999943,46.349999999999994
3,2015,5,Monday Night Drinking Club,145.5,102.0,EZ Sweezy,True,99.15,46.349999999999994,2.8499999999999943
4,2015,5,Gronk if You're Horny,97.5,66.5,Team Han,True,99.15,-1.6500000000000057,-32.650000000000006
5,2015,5,Team Han,66.5,97.5,Gronk if You're Horny,False,99.15,-32.650000000000006,-1.6500000000000057
6,2015,5,Luck Her Right In The Percy,62.5,78.5,New Delhi Sacko Threepeat,False,99.15,-36.650000000000006,-20.650000000000006
7,2015,5,New Delhi Sacko Threepeat,78.5,62.5,Luck Her Right In The Percy,True,99.15,-20.650000000000006,-36.650000000000006
8,2015,5,Geico Trap,137.5,67.0,Team NYC Sour D,True,99.15,38.349999999999994,-32.150000000000006
9,2015,5,Team NYC Sour D,67.0,137.5,Geico Trap,False,99.15,-32.150000000000006,38.349999999999994
0,2015,6,Luck Her Right In The Percy,98.5,116.5,Gronk if You're Horny,False,111.5,-13.0,5.0
1,2015,6,Gronk if You're Horny,116.5,98.5,Luck Her Right In The Percy,True,111.5,5.0,-13.0
2,2015,6,New Delhi Sacko Threepeat,120.5,108.5,Geico Trap,True,111.5,9.0,-3.0
3,2015,6,Geico Trap,108.5,120.5,New Delhi Sacko Threepeat,False,111.5,-3.0,9.0
4,2015,6,Monday Night Drinking Club,80.0,143.0,Team NYC Sour D,False,111.5,-31.5,31.5
5,2015,6,Team NYC Sour D,143.0,80.0,Monday Night Drinking Club,True,111.5,31.5,-31.5
6,2015,6,Team Dildo Gaggins,136.5,89.5,Team Han,True,111.5,25.0,-22.0
7,2015,6,Team Han,89.5,136.5,Team Dildo Gaggins,False,111.5,-22.0,25.0
8,2015,6,EZ Sweezy,95.5,126.5,Artful Dodger,False,111.5,-16.0,15.0
9,2015,6,Artful Dodger,126.5,95.5,EZ Sweezy,True,111.5,15.0,-16.0
0,2015,7,Gronk if You're Horny,103.0,99.5,New Delhi Sacko Threepeat,True,102.75,0.25,-3.25
1,2015,7,New Delhi Sacko Threepeat,99.5,103.0,Gronk if You're Horny,False,102.75,-3.25,0.25
2,2015,7,Geico Trap,95.5,146.0,Monday Night Drinking Club,False,102.75,-7.25,43.25
3,2015,7,Monday Night Drinking Club,146.0,95.5,Geico Trap,True,102.75,43.25,-7.25
4,2015,7,Team NYC Sour D,42.5,133.5,Team Dildo Gaggins,False,102.75,-60.25,30.75
5,2015,7,Team Dildo Gaggins,133.5,42.5,Team NYC Sour D,True,102.75,30.75,-60.25
6,2015,7,Team Han,138.5,91.5,EZ Sweezy,True,102.75,35.75,-11.25
7,2015,7,EZ Sweezy,91.5,138.5,Team Han,False,102.75,-11.25,35.75
8,2015,7,Artful Dodger,89.5,88.0,Luck Her Right In The Percy,True,102.75,-13.25,-14.75
9,2015,7,Luck Her Right In The Percy,88.0,89.5,Artful Dodger,False,102.75,-14.75,-13.25
0,2015,8,Monday Night Drinking Club,115.5,134.5,Gronk if You're Horny,False,103.9,11.599999999999994,30.599999999999994
1,2015,8,Gronk if You're Horny,134.5,115.5,Monday Night Drinking Club,True,103.9,30.599999999999994,11.599999999999994
2,2015,8,Team Dildo Gaggins,117.5,101.0,Geico Trap,True,103.9,13.599999999999994,-2.9000000000000057
3,2015,8,Geico Trap,101.0,117.5,Team Dildo Gaggins,False,103.9,-2.9000000000000057,13.599999999999994
4,2015,8,EZ Sweezy,117.5,133.5,Team NYC Sour D,False,103.9,13.599999999999994,29.599999999999994
5,2015,8,Team NYC Sour D,133.5,117.5,EZ Sweezy,True,103.9,29.599999999999994,13.599999999999994
6,2015,8,Luck Her Right In The Percy,58.0,94.5,Team Han,False,103.9,-45.900000000000006,-9.400000000000006
7,2015,8,Team Han,94.5,58.0,Luck Her Right In The Percy,True,103.9,-9.400000000000006,-45.900000000000006
8,2015,8,New Delhi Sacko Threepeat,101.0,66.0,Artful Dodger,True,103.9,-2.9000000000000057,-37.900000000000006
9,2015,8,Artful Dodger,66.0,101.0,New Delhi Sacko Threepeat,False,103.9,-37.900000000000006,-2.9000000000000057
0,2015,9,EZ Sweezy,117.0,128.5,Geico Trap,False,117.9,-0.9000000000000057,10.599999999999994
1,2015,9,Geico Trap,128.5,117.0,EZ Sweezy,True,117.9,10.599999999999994,-0.9000000000000057
2,2015,9,Luck Her Right In The Percy,134.0,94.5,Team NYC Sour D,True,117.9,16.099999999999994,-23.400000000000006
3,2015,9,Team NYC Sour D,94.5,134.0,Luck Her Right In The Percy,False,117.9,-23.400000000000006,16.099999999999994
4,2015,9,New Delhi Sacko Threepeat,122.5,80.5,Team Han,True,117.9,4.599999999999994,-37.400000000000006
5,2015,9,Team Han,80.5,122.5,New Delhi Sacko Threepeat,False,117.9,-37.400000000000006,4.599999999999994
6,2015,9,Monday Night Drinking Club,107.0,126.5,Artful Dodger,False,117.9,-10.900000000000006,8.599999999999994
7,2015,9,Artful Dodger,126.5,107.0,Monday Night Drinking Club,True,117.9,8.599999999999994,-10.900000000000006
8,2015,9,Gronk if You're Horny,113.5,155.0,Team Dildo Gaggins,False,117.9,-4.400000000000006,37.099999999999994
9,2015,9,Team Dildo Gaggins,155.0,113.5,Gronk if You're Horny,True,117.9,37.099999999999994,-4.400000000000006
0,2015,10,Gronk if You're Horny,102.5,121.5,Monday Night Drinking Club,False,92.8,9.700000000000003,28.700000000000003
1,2015,10,Monday Night Drinking Club,121.5,102.5,Gronk if You're Horny,True,92.8,28.700000000000003,9.700000000000003
2,2015,10,Artful Dodger,73.0,95.5,New Delhi Sacko Threepeat,False,92.8,-19.799999999999997,2.700000000000003
3,2015,10,New Delhi Sacko Threepeat,95.5,73.0,Artful Dodger,True,92.8,2.700000000000003,-19.799999999999997
4,2015,10,Team NYC Sour D,66.0,84.0,Luck Her Right In The Percy,False,92.8,-26.799999999999997,-8.799999999999997
5,2015,10,Luck Her Right In The Percy,84.0,66.0,Team NYC Sour D,True,92.8,-8.799999999999997,-26.799999999999997
6,2015,10,Team Han,64.0,101.0,Team Dildo Gaggins,False,92.8,-28.799999999999997,8.200000000000003
7,2015,10,Team Dildo Gaggins,101.0,64.0,Team Han,True,92.8,8.200000000000003,-28.799999999999997
8,2015,10,Geico Trap,95.0,125.5,EZ Sweezy,False,92.8,2.200000000000003,32.7
9,2015,10,EZ Sweezy,125.5,95.0,Geico Trap,True,92.8,32.7,2.200000000000003
0,2016,1,Team Han,109.5,85.0,Team NYC Sour D,True,112.15,-2.6500000000000057,-27.150000000000006
1,2016,1,Team NYC Sour D,85.0,109.5,Team Han,False,112.15,-27.150000000000006,-2.6500000000000057
2,2016,1,Dez Nutz,103.0,124.0,EZ Sweezy,False,112.15,-9.150000000000006,11.849999999999994
3,2016,1,EZ Sweezy,124.0,103.0,Dez Nutz,True,112.15,11.849999999999994,-9.150000000000006
4,2016,1,Team Dildo Gaggins,107.0,94.5,As opposed to  no sacko?!,True,112.15,-5.150000000000006,-17.650000000000006
5,2016,1,As opposed to  no sacko?!,94.5,107.0,Team Dildo Gaggins,False,112.15,-17.650000000000006,-5.150000000000006
6,2016,1,New Delhi Sacko Threepeat,133.5,136.5,Monday Night Drinking Club,False,112.15,21.349999999999994,24.349999999999994
7,2016,1,Monday Night Drinking Club,136.5,133.5,New Delhi Sacko Threepeat,True,112.15,24.349999999999994,21.349999999999994
8,2016,1,Geico Trap,129.5,99.0,Artful Dodger,True,112.15,17.349999999999994,-13.150000000000006
9,2016,1,Artful Dodger,99.0,129.5,Geico Trap,False,112.15,-13.150000000000006,17.349999999999994
0,2016,2,New Delhi Sacko Threepeat,72.5,95.0,EZ Sweezy,False,99.75,-27.25,-4.75
1,2016,2,EZ Sweezy,95.0,72.5,New Delhi Sacko Threepeat,True,99.75,-4.75,-27.25
2,2016,2,Team Dildo Gaggins,105.5,82.0,Monday Night Drinking Club,True,99.75,5.75,-17.75
3,2016,2,Monday Night Drinking Club,82.0,105.5,Team Dildo Gaggins,False,99.75,-17.75,5.75
4,2016,2,Team Han,98.5,147.5,Artful Dodger,False,99.75,-1.25,47.75
5,2016,2,Artful Dodger,147.5,98.5,Team Han,True,99.75,47.75,-1.25
6,2016,2,Geico Trap,99.5,114.0,As opposed to  no sacko?!,False,99.75,-0.25,14.25
7,2016,2,As opposed to  no sacko?!,114.0,99.5,Geico Trap,True,99.75,14.25,-0.25
8,2016,2,Dez Nutz,73.5,109.5,Team NYC Sour D,False,99.75,-26.25,9.75
9,2016,2,Team NYC Sour D,109.5,73.5,Dez Nutz,True,99.75,9.75,-26.25
0,2016,3,Monday Night Drinking Club,73.0,68.5,As opposed to  no sacko?!,True,102.25,-29.25,-33.75
1,2016,3,As opposed to  no sacko?!,68.5,73.0,Monday Night Drinking Club,False,102.25,-33.75,-29.25
2,2016,3,EZ Sweezy,133.5,88.0,Team Dildo Gaggins,True,102.25,31.25,-14.25
3,2016,3,Team Dildo Gaggins,88.0,133.5,EZ Sweezy,False,102.25,-14.25,31.25
4,2016,3,Artful Dodger,81.0,79.5,Dez Nutz,True,102.25,-21.25,-22.75
5,2016,3,Dez Nutz,79.5,81.0,Artful Dodger,False,102.25,-22.75,-21.25
6,2016,3,Geico Trap,129.5,98.0,Team Han,True,102.25,27.25,-4.25
7,2016,3,Team Han,98.0,129.5,Geico Trap,False,102.25,-4.25,27.25
8,2016,3,Team NYC Sour D,153.5,118.0,New Delhi Sacko Threepeat,True,102.25,51.25,15.75
9,2016,3,New Delhi Sacko Threepeat,118.0,153.5,Team NYC Sour D,False,102.25,15.75,51.25
0,2016,4,Artful Dodger,57.5,106.5,Team NYC Sour D,False,102.6,-45.099999999999994,3.9000000000000057
1,2016,4,Team NYC Sour D,106.5,57.5,Artful Dodger,True,102.6,3.9000000000000057,-45.099999999999994
2,2016,4,Monday Night Drinking Club,127.0,90.5,Team Han,True,102.6,24.400000000000006,-12.099999999999994
3,2016,4,Team Han,90.5,127.0,Monday Night Drinking Club,False,102.6,-12.099999999999994,24.400000000000006
4,2016,4,EZ Sweezy,92.0,77.0,As opposed to  no sacko?!,True,102.6,-10.599999999999994,-25.599999999999994
5,2016,4,As opposed to  no sacko?!,77.0,92.0,EZ Sweezy,False,102.6,-25.599999999999994,-10.599999999999994
6,2016,4,Dez Nutz,123.0,129.5,Geico Trap,False,102.6,20.400000000000006,26.900000000000006
7,2016,4,Geico Trap,129.5,123.0,Dez Nutz,True,102.6,26.900000000000006,20.400000000000006
8,2016,4,Team Dildo Gaggins,86.5,136.5,New Delhi Sacko Threepeat,False,102.6,-16.099999999999994,33.900000000000006
9,2016,4,New Delhi Sacko Threepeat,136.5,86.5,Team Dildo Gaggins,True,102.6,33.900000000000006,-16.099999999999994
0,2016,5,Team NYC Sour D,146.0,134.5,Geico Trap,True,109.55,36.45,24.950000000000003
1,2016,5,Geico Trap,134.5,146.0,Team NYC Sour D,False,109.55,24.950000000000003,36.45
2,2016,5,Monday Night Drinking Club,84.5,122.5,EZ Sweezy,False,109.55,-25.049999999999997,12.950000000000003
3,2016,5,EZ Sweezy,122.5,84.5,Monday Night Drinking Club,True,109.55,12.950000000000003,-25.049999999999997
4,2016,5,Team Dildo Gaggins,104.5,82.0,Artful Dodger,True,109.55,-5.049999999999997,-27.549999999999997
5,2016,5,Artful Dodger,82.0,104.5,Team Dildo Gaggins,False,109.55,-27.549999999999997,-5.049999999999997
6,2016,5,Dez Nutz,126.0,97.0,Team Han,True,109.55,16.450000000000003,-12.549999999999997
7,2016,5,Team Han,97.0,126.0,Dez Nutz,False,109.55,-12.549999999999997,16.450000000000003
8,2016,5,As opposed to  no sacko?!,90.0,108.5,New Delhi Sacko Threepeat,False,109.55,-19.549999999999997,-1.0499999999999972
9,2016,5,New Delhi Sacko Threepeat,108.5,90.0,As opposed to  no sacko?!,True,109.55,-1.0499999999999972,-19.549999999999997
0,2016,6,EZ Sweezy,106.5,82.5,Geico Trap,True,101.0,5.5,-18.5
1,2016,6,Geico Trap,82.5,106.5,EZ Sweezy,False,101.0,-18.5,5.5
2,2016,6,Dez Nutz,98.5,128.5,Monday Night Drinking Club,False,101.0,-2.5,27.5
3,2016,6,Monday Night Drinking Club,128.5,98.5,Dez Nutz,True,101.0,27.5,-2.5
4,2016,6,New Delhi Sacko Threepeat,96.0,82.0,Artful Dodger,True,101.0,-5.0,-19.0
5,2016,6,Artful Dodger,82.0,96.0,New Delhi Sacko Threepeat,False,101.0,-19.0,-5.0
6,2016,6,Team Han,97.5,94.0,Team Dildo Gaggins,True,101.0,-3.5,-7.0
7,2016,6,Team Dildo Gaggins,94.0,97.5,Team Han,False,101.0,-7.0,-3.5
8,2016,6,Team NYC Sour D,101.5,123.0,As opposed to  no sacko?!,False,101.0,0.5,22.0
9,2016,6,As opposed to  no sacko?!,123.0,101.5,Team NYC Sour D,True,101.0,22.0,0.5
0,2016,7,Team Han,79.5,125.5,EZ Sweezy,False,107.05,-27.549999999999997,18.450000000000003
1,2016,7,EZ Sweezy,125.5,79.5,Team Han,True,107.05,18.450000000000003,-27.549999999999997
2,2016,7,Geico Trap,122.5,117.5,Monday Night Drinking Club,True,107.05,15.450000000000003,10.450000000000003
3,2016,7,Monday Night Drinking Club,117.5,122.5,Geico Trap,False,107.05,10.450000000000003,15.450000000000003
4,2016,7,Dez Nutz,99.0,100.5,New Delhi Sacko Threepeat,False,107.05,-8.049999999999997,-6.549999999999997
5,2016,7,New Delhi Sacko Threepeat,100.5,99.0,Dez Nutz,True,107.05,-6.549999999999997,-8.049999999999997
6,2016,7,Team NYC Sour D,120.0,119.0,Team Dildo Gaggins,True,107.05,12.950000000000003,11.950000000000003
7,2016,7,Team Dildo Gaggins,119.0,120.0,Team NYC Sour D,False,107.05,11.950000000000003,12.950000000000003
8,2016,7,As opposed to  no sacko?!,101.0,86.0,Artful Dodger,True,107.05,-6.049999999999997,-21.049999999999997
9,2016,7,Artful Dodger,86.0,101.0,As opposed to  no sacko?!,False,107.05,-21.049999999999997,-6.049999999999997
0,2016,8,EZ Sweezy,108.0,89.5,Team NYC Sour D,True,103.1,4.900000000000006,-13.599999999999994
1,2016,8,Team NYC Sour D,89.5,108.0,EZ Sweezy,False,103.1,-13.599999999999994,4.900000000000006
2,2016,8,Dez Nutz,111.0,74.0,Monday Night Drinking Club,True,103.1,7.900000000000006,-29.099999999999994
3,2016,8,Monday Night Drinking Club,74.0,111.0,Dez Nutz,False,103.1,-29.099999999999994,7.900000000000006
4,2016,8,Geico Trap,103.5,126.5,Team Dildo Gaggins,False,103.1,0.4000000000000057,23.400000000000006
5,2016,8,Team Dildo Gaggins,126.5,103.5,Geico Trap,True,103.1,23.400000000000006,0.4000000000000057
6,2016,8,New Delhi Sacko Threepeat,102.5,86.0,Artful Dodger,True,103.1,-0.5999999999999943,-17.099999999999994
7,2016,8,Artful Dodger,86.0,102.5,New Delhi Sacko Threepeat,False,103.1,-17.099999999999994,-0.5999999999999943
8,2016,8,Team Han,125.5,104.5,As opposed to  no sacko?!,True,103.1,22.400000000000006,1.4000000000000057
9,2016,8,As opposed to  no sacko?!,104.5,125.5,Team Han,False,103.1,1.4000000000000057,22.400000000000006
0,2016,9,EZ Sweezy,101.0,108.0,Geico Trap,False,105.05,-4.049999999999997,2.950000000000003
1,2016,9,Geico Trap,108.0,101.0,EZ Sweezy,True,105.05,2.950000000000003,-4.049999999999997
2,2016,9,Team NYC Sour D,88.5,125.5,As opposed to  no sacko?!,False,105.05,-16.549999999999997,20.450000000000003
3,2016,9,As opposed to  no sacko?!,125.5,88.5,Team NYC Sour D,True,105.05,20.450000000000003,-16.549999999999997
4,2016,9,New Delhi Sacko Threepeat,119.0,95.5,Team Han,True,105.05,13.950000000000003,-9.549999999999997
5,2016,9,Team Han,95.5,119.0,New Delhi Sacko Threepeat,False,105.05,-9.549999999999997,13.950000000000003
6,2016,9,Dez Nutz,112.0,82.5,Team Dildo Gaggins,True,105.05,6.950000000000003,-22.549999999999997
7,2016,9,Team Dildo Gaggins,82.5,112.0,Dez Nutz,False,105.05,-22.549999999999997,6.950000000000003
8,2016,9,Artful Dodger,104.5,114.0,Monday Night Drinking Club,False,105.05,-0.5499999999999972,8.950000000000003
9,2016,9,Monday Night Drinking Club,114.0,104.5,Artful Dodger,True,105.05,8.950000000000003,-0.5499999999999972
0,2016,10,Artful Dodger,108.5,105.5,EZ Sweezy,True,106.7,1.7999999999999972,-1.2000000000000028
1,2016,10,EZ Sweezy,105.5,108.5,Artful Dodger,False,106.7,-1.2000000000000028,1.7999999999999972
2,2016,10,As opposed to  no sacko?!,87.5,131.0,Dez Nutz,False,106.7,-19.200000000000003,24.299999999999997
3,2016,10,Dez Nutz,131.0,87.5,As opposed to  no sacko?!,True,106.7,24.299999999999997,-19.200000000000003
4,2016,10,New Delhi Sacko Threepeat,128.5,120.0,Geico Trap,True,106.7,21.799999999999997,13.299999999999997
5,2016,10,Geico Trap,120.0,128.5,New Delhi Sacko Threepeat,False,106.7,13.299999999999997,21.799999999999997
6,2016,10,Monday Night Drinking Club,100.0,95.5,Team NYC Sour D,True,106.7,-6.700000000000003,-11.200000000000003
7,2016,10,Team NYC Sour D,95.5,100.0,Monday Night Drinking Club,False,106.7,-11.200000000000003,-6.700000000000003
8,2016,10,Team Dildo Gaggins,93.0,97.5,Team Han,False,106.7,-13.700000000000003,-9.200000000000003
9,2016,10,Team Han,97.5,93.0,Team Dildo Gaggins,True,106.7,-9.200000000000003,-13.700000000000003
0,2017,1,Team Han,98.5,82.5,Team TLV Sour D,True,86.5,12.0,-4.0
1,2017,1,Team TLV Sour D,82.5,98.5,Team Han,False,86.5,-4.0,12.0
2,2017,1,Coon Daddy,45.0,86.0,EZ Sweezy,False,86.5,-41.5,-0.5
3,2017,1,EZ Sweezy,86.0,45.0,Coon Daddy,True,86.5,-0.5,-41.5
4,2017,1,Team Dildo Gaggins,82.5,111.0,Han For  Sacko!,False,86.5,-4.0,24.5
5,2017,1,Han For  Sacko!,111.0,82.5,Team Dildo Gaggins,True,86.5,24.5,-4.0
6,2017,1,New Delhi Sacko Threepeat,89.0,105.0,Kip Schwartz,False,86.5,2.5,18.5
7,2017,1,Kip Schwartz,105.0,89.0,New Delhi Sacko Threepeat,True,86.5,18.5,2.5
8,2017,1,Geico Trap,96.5,69.0,Artful Dodger,True,86.5,10.0,-17.5
9,2017,1,Artful Dodger,69.0,96.5,Geico Trap,False,86.5,-17.5,10.0
0,2017,2,New Delhi Sacko Threepeat,113.0,125.5,EZ Sweezy,False,101.6,11.400000000000006,23.900000000000006
1,2017,2,EZ Sweezy,125.5,113.0,New Delhi Sacko Threepeat,True,101.6,23.900000000000006,11.400000000000006
2,2017,2,Team Dildo Gaggins,82.0,85.0,Kip Schwartz,False,101.6,-19.599999999999994,-16.599999999999994
3,2017,2,Kip Schwartz,85.0,82.0,Team Dildo Gaggins,True,101.6,-16.599999999999994,-19.599999999999994
4,2017,2,Team Han,61.5,100.5,Artful Dodger,False,101.6,-40.099999999999994,-1.0999999999999943
5,2017,2,Artful Dodger,100.5,61.5,Team Han,True,101.6,-1.0999999999999943,-40.099999999999994
6,2017,2,Geico Trap,124.5,116.0,Han For  Sacko!,True,101.6,22.900000000000006,14.400000000000006
7,2017,2,Han For  Sacko!,116.0,124.5,Geico Trap,False,101.6,14.400000000000006,22.900000000000006
8,2017,2,Coon Daddy,134.5,73.5,Team TLV Sour D,True,101.6,32.900000000000006,-28.099999999999994
9,2017,2,Team TLV Sour D,73.5,134.5,Coon Daddy,False,101.6,-28.099999999999994,32.900000000000006
0,2017,3,Kip Schwartz,131.0,75.5,Han For  Sacko!,True,106.6,24.400000000000006,-31.099999999999994
1,2017,3,Han For  Sacko!,75.5,131.0,Kip Schwartz,False,106.6,-31.099999999999994,24.400000000000006
2,2017,3,EZ Sweezy,138.5,117.5,Team Dildo Gaggins,True,106.6,31.900000000000006,10.900000000000006
3,2017,3,Team Dildo Gaggins,117.5,138.5,EZ Sweezy,False,106.6,10.900000000000006,31.900000000000006
4,2017,3,Artful Dodger,92.0,43.0,Coon Daddy,True,106.6,-14.599999999999994,-63.599999999999994
5,2017,3,Coon Daddy,43.0,92.0,Artful Dodger,False,106.6,-63.599999999999994,-14.599999999999994
6,2017,3,Geico Trap,115.5,115.0,Team Han,True,106.6,8.900000000000006,8.400000000000006
7,2017,3,Team Han,115.0,115.5,Geico Trap,False,106.6,8.400000000000006,8.900000000000006
8,2017,3,Team TLV Sour D,125.0,113.0,New Delhi Sacko Threepeat,True,106.6,18.400000000000006,6.400000000000006
9,2017,3,New Delhi Sacko Threepeat,113.0,125.0,Team TLV Sour D,False,106.6,6.400000000000006,18.400000000000006
0,2017,4,Artful Dodger,117.0,95.5,Team TLV Sour D,True,98.75,18.25,-3.25
1,2017,4,Team TLV Sour D,95.5,117.0,Artful Dodger,False,98.75,-3.25,18.25
2,2017,4,Kip Schwartz,107.5,77.5,Team Han,True,98.75,8.75,-21.25
3,2017,4,Team Han,77.5,107.5,Kip Schwartz,False,98.75,-21.25,8.75
4,2017,4,EZ Sweezy,97.0,64.5,Han For  Sacko!,True,98.75,-1.75,-34.25
5,2017,4,Han For  Sacko!,64.5,97.0,EZ Sweezy,False,98.75,-34.25,-1.75
6,2017,4,Coon Daddy,78.5,106.5,Geico Trap,False,98.75,-20.25,7.75
7,2017,4,Geico Trap,106.5,78.5,Coon Daddy,True,98.75,7.75,-20.25
8,2017,4,Team Dildo Gaggins,121.0,122.5,New Delhi Sacko Threepeat,False,98.75,22.25,23.75
9,2017,4,New Delhi Sacko Threepeat,122.5,121.0,Team Dildo Gaggins,True,98.75,23.75,22.25
0,2017,5,Team TLV Sour D,85.0,119.5,Geico Trap,False,92.75,-7.75,26.75
1,2017,5,Geico Trap,119.5,85.0,Team TLV Sour D,True,92.75,26.75,-7.75
2,2017,5,Kip Schwartz,111.0,59.0,EZ Sweezy,True,92.75,18.25,-33.75
3,2017,5,EZ Sweezy,59.0,111.0,Kip Schwartz,False,92.75,-33.75,18.25
4,2017,5,Team Dildo Gaggins,67.0,115.5,Artful Dodger,False,92.75,-25.75,22.75
5,2017,5,Artful Dodger,115.5,67.0,Team Dildo Gaggins,True,92.75,22.75,-25.75
6,2017,5,Coon Daddy,84.5,108.0,Team Han,False,92.75,-8.25,15.25
7,2017,5,Team Han,108.0,84.5,Coon Daddy,True,92.75,15.25,-8.25
8,2017,5,Han For  Sacko!,108.0,70.0,New Delhi Sacko Threepeat,True,92.75,15.25,-22.75
9,2017,5,New Delhi Sacko Threepeat,70.0,108.0,Han For  Sacko!,False,92.75,-22.75,15.25
0,2017,6,EZ Sweezy,124.0,57.5,Geico Trap,True,99.4,24.599999999999994,-41.900000000000006
1,2017,6,Geico Trap,57.5,124.0,EZ Sweezy,False,99.4,-41.900000000000006,24.599999999999994
2,2017,6,Coon Daddy,130.0,80.5,Kip Schwartz,True,99.4,30.599999999999994,-18.900000000000006
3,2017,6,Kip Schwartz,80.5,130.0,Coon Daddy,False,99.4,-18.900000000000006,30.599999999999994
4,2017,6,New Delhi Sacko Threepeat,80.5,104.5,Artful Dodger,False,99.4,-18.900000000000006,5.099999999999994
5,2017,6,Artful Dodger,104.5,80.5,New Delhi Sacko Threepeat,True,99.4,5.099999999999994,-18.900000000000006
6,2017,6,Team Han,112.5,81.5,Team Dildo Gaggins,True,99.4,13.099999999999994,-17.900000000000006
7,2017,6,Team Dildo Gaggins,81.5,112.5,Team Han,False,99.4,-17.900000000000006,13.099999999999994
8,2017,6,Team TLV Sour D,84.0,139.0,Han For  Sacko!,False,99.4,-15.400000000000006,39.599999999999994
9,2017,6,Han For  Sacko!,139.0,84.0,Team TLV Sour D,True,99.4,39.599999999999994,-15.400000000000006
0,2017,7,Team Han,106.5,97.0,EZ Sweezy,True,94.3,12.200000000000003,2.700000000000003
1,2017,7,EZ Sweezy,97.0,106.5,Team Han,False,94.3,2.700000000000003,12.200000000000003
2,2017,7,Geico Trap,81.0,139.0,Kip Schwartz,False,94.3,-13.299999999999997,44.7
3,2017,7,Kip Schwartz,139.0,81.0,Geico Trap,True,94.3,44.7,-13.299999999999997
4,2017,7,Coon Daddy,89.5,92.5,New Delhi Sacko Threepeat,False,94.3,-4.799999999999997,-1.7999999999999972
5,2017,7,New Delhi Sacko Threepeat,92.5,89.5,Coon Daddy,True,94.3,-1.7999999999999972,-4.799999999999997
6,2017,7,Team TLV Sour D,46.0,110.5,Team Dildo Gaggins,False,94.3,-48.3,16.200000000000003
7,2017,7,Team Dildo Gaggins,110.5,46.0,Team TLV Sour D,True,94.3,16.200000000000003,-48.3
8,2017,7,Han For  Sacko!,63.5,117.5,Artful Dodger,False,94.3,-30.799999999999997,23.200000000000003
9,2017,7,Artful Dodger,117.5,63.5,Han For  Sacko!,True,94.3,23.200000000000003,-30.799999999999997
0,2017,8,EZ Sweezy,76.0,89.0,Team TLV Sour D,False,97.25,-21.25,-8.25
1,2017,8,Team TLV Sour D,89.0,76.0,EZ Sweezy,True,97.25,-8.25,-21.25
2,2017,8,Coon Daddy,85.5,114.0,Kip Schwartz,False,97.25,-11.75,16.75
3,2017,8,Kip Schwartz,114.0,85.5,Coon Daddy,True,97.25,16.75,-11.75
4,2017,8,Geico Trap,76.0,111.0,Team Dildo Gaggins,False,97.25,-21.25,13.75
5,2017,8,Team Dildo Gaggins,111.0,76.0,Geico Trap,True,97.25,13.75,-21.25
6,2017,8,New Delhi Sacko Threepeat,81.0,106.0,Artful Dodger,False,97.25,-16.25,8.75
7,2017,8,Artful Dodger,106.0,81.0,New Delhi Sacko Threepeat,True,97.25,8.75,-16.25
8,2017,8,Team Han,111.5,122.5,Han For  Sacko!,False,97.25,14.25,25.25
9,2017,8,Han For  Sacko!,122.5,111.5,Team Han,True,97.25,25.25,14.25
0,2017,9,EZ Sweezy,63.5,128.0,Geico Trap,False,92.45,-28.950000000000003,35.55
1,2017,9,Geico Trap,128.0,63.5,EZ Sweezy,True,92.45,35.55,-28.950000000000003
2,2017,9,Team TLV Sour D,125.5,78.5,Han For  Sacko!,True,92.45,33.05,-13.950000000000003
3,2017,9,Han For  Sacko!,78.5,125.5,Team TLV Sour D,False,92.45,-13.950000000000003,33.05
4,2017,9,New Delhi Sacko Threepeat,81.0,101.5,Team Han,False,92.45,-11.450000000000003,9.049999999999997
5,2017,9,Team Han,101.5,81.0,New Delhi Sacko Threepeat,True,92.45,9.049999999999997,-11.450000000000003
6,2017,9,Coon Daddy,83.5,93.0,Team Dildo Gaggins,False,92.45,-8.950000000000003,0.5499999999999972
7,2017,9,Team Dildo Gaggins,93.0,83.5,Coon Daddy,True,92.45,0.5499999999999972,-8.950000000000003
8,2017,9,Artful Dodger,83.0,87.0,Kip Schwartz,False,92.45,-9.450000000000003,-5.450000000000003
9,2017,9,Kip Schwartz,87.0,83.0,Artful Dodger,True,92.45,-5.450000000000003,-9.450000000000003
0,2017,10,Artful Dodger,99.5,93.5,EZ Sweezy,True,95.35,4.150000000000006,-1.8499999999999943
1,2017,10,EZ Sweezy,93.5,99.5,Artful Dodger,False,95.35,-1.8499999999999943,4.150000000000006
2,2017,10,Han For  Sacko!,107.0,109.5,Coon Daddy,False,95.35,11.650000000000006,14.150000000000006
3,2017,10,Coon Daddy,109.5,107.0,Han For  Sacko!,True,95.35,14.150000000000006,11.650000000000006
4,2017,10,New Delhi Sacko Threepeat,59.0,94.5,Geico Trap,False,95.35,-36.349999999999994,-0.8499999999999943
5,2017,10,Geico Trap,94.5,59.0,New Delhi Sacko Threepeat,True,95.35,-0.8499999999999943,-36.349999999999994
6,2017,10,Kip Schwartz,89.5,83.0,Team TLV Sour D,True,95.35,-5.849999999999994,-12.349999999999994
7,2017,10,Team TLV Sour D,83.0,89.5,Kip Schwartz,False,95.35,-12.349999999999994,-5.849999999999994
8,2017,10,Team Dildo Gaggins,106.0,112.0,Team Han,False,95.35,10.650000000000006,16.650000000000006
9,2017,10,Team Han,112.0,106.0,Team Dildo Gaggins,True,95.35,16.650000000000006,10.650000000000006
0,2018,1,Team Han,156.5,107.5,Team TLV Kush,True,107.5,49.0,0.0
1,2018,1,Team TLV Kush,107.5,156.5,Team Han,False,107.5,0.0,49.0
2,2018,1,Coon Daddy,90.5,96.5,EZ Sweezy,False,107.5,-17.0,-11.0
3,2018,1,EZ Sweezy,96.5,90.5,Coon Daddy,True,107.5,-11.0,-17.0
4,2018,1,Team Dildo Gaggins,86.5,116.0,Case of Ligma,False,107.5,-21.0,8.5
5,2018,1,Case of Ligma,116.0,86.5,Team Dildo Gaggins,True,107.5,8.5,-21.0
6,2018,1,New Delhi Sacko Threepeat,58.0,117.0,Kip Schwartz,False,107.5,-49.5,9.5
7,2018,1,Kip Schwartz,117.0,58.0,New Delhi Sacko Threepeat,True,107.5,9.5,-49.5
8,2018,1,Geico Trap,125.5,121.0,Artful Dodger,True,107.5,18.0,13.5
9,2018,1,Artful Dodger,121.0,125.5,Geico Trap,False,107.5,13.5,18.0
0,2018,2,New Delhi Sacko Threepeat,89.0,114.5,EZ Sweezy,False,107.45,-18.450000000000003,7.049999999999997
1,2018,2,EZ Sweezy,114.5,89.0,New Delhi Sacko Threepeat,True,107.45,7.049999999999997,-18.450000000000003
2,2018,2,Team Dildo Gaggins,82.5,134.5,Kip Schwartz,False,107.45,-24.950000000000003,27.049999999999997
3,2018,2,Kip Schwartz,134.5,82.5,Team Dildo Gaggins,True,107.45,27.049999999999997,-24.950000000000003
4,2018,2,Team Han,101.0,103.5,Artful Dodger,False,107.45,-6.450000000000003,-3.950000000000003
5,2018,2,Artful Dodger,103.5,101.0,Team Han,True,107.45,-3.950000000000003,-6.450000000000003
6,2018,2,Geico Trap,112.0,133.5,Case of Ligma,False,107.45,4.549999999999997,26.049999999999997
7,2018,2,Case of Ligma,133.5,112.0,Geico Trap,True,107.45,26.049999999999997,4.549999999999997
8,2018,2,Coon Daddy,124.0,80.0,Team TLV Kush,True,107.45,16.549999999999997,-27.450000000000003
9,2018,2,Team TLV Kush,80.0,124.0,Coon Daddy,False,107.45,-27.450000000000003,16.549999999999997
0,2018,3,Kip Schwartz,118.0,107.5,Case of Ligma,True,103.9,14.099999999999994,3.5999999999999943
1,2018,3,Case of Ligma,107.5,118.0,Kip Schwartz,False,103.9,3.5999999999999943,14.099999999999994
2,2018,3,EZ Sweezy,83.5,103.0,Team Dildo Gaggins,False,103.9,-20.400000000000006,-0.9000000000000057
3,2018,3,Team Dildo Gaggins,103.0,83.5,EZ Sweezy,True,103.9,-0.9000000000000057,-20.400000000000006
4,2018,3,Artful Dodger,101.5,117.0,Coon Daddy,False,103.9,-2.4000000000000057,13.099999999999994
5,2018,3,Coon Daddy,117.0,101.5,Artful Dodger,True,103.9,13.099999999999994,-2.4000000000000057
6,2018,3,Geico Trap,116.0,104.0,Team Han,True,103.9,12.099999999999994,0.09999999999999432
7,2018,3,Team Han,104.0,116.0,Geico Trap,False,103.9,0.09999999999999432,12.099999999999994
8,2018,3,Team TLV Kush,78.5,110.0,New Delhi Sacko Threepeat,False,103.9,-25.400000000000006,6.099999999999994
9,2018,3,New Delhi Sacko Threepeat,110.0,78.5,Team TLV Kush,True,103.9,6.099999999999994,-25.400000000000006
0,2018,4,Artful Dodger,97.0,65.0,Team TLV Kush,True,115.15,-18.150000000000006,-50.150000000000006
1,2018,4,Team TLV Kush,65.0,97.0,Artful Dodger,False,115.15,-50.150000000000006,-18.150000000000006
2,2018,4,Kip Schwartz,142.5,153.5,Team Han,False,115.15,27.349999999999994,38.349999999999994
3,2018,4,Team Han,153.5,142.5,Kip Schwartz,True,115.15,38.349999999999994,27.349999999999994
4,2018,4,EZ Sweezy,80.0,101.0,Case of Ligma,False,115.15,-35.150000000000006,-14.150000000000006
5,2018,4,Case of Ligma,101.0,80.0,EZ Sweezy,True,115.15,-14.150000000000006,-35.150000000000006
6,2018,4,Coon Daddy,154.5,116.0,Geico Trap,True,115.15,39.349999999999994,0.8499999999999943
7,2018,4,Geico Trap,116.0,154.5,Coon Daddy,False,115.15,0.8499999999999943,39.349999999999994
8,2018,4,Team Dildo Gaggins,126.5,115.5,New Delhi Sacko Threepeat,True,115.15,11.349999999999994,0.3499999999999943
9,2018,4,New Delhi Sacko Threepeat,115.5,126.5,Team Dildo Gaggins,False,115.15,0.3499999999999943,11.349999999999994
0,2018,5,Team TLV Kush,92.5,104.5,Geico Trap,False,102.8,-10.299999999999997,1.7000000000000028
1,2018,5,Geico Trap,104.5,92.5,Team TLV Kush,True,102.8,1.7000000000000028,-10.299999999999997
2,2018,5,Kip Schwartz,119.5,102.0,EZ Sweezy,True,102.8,16.700000000000003,-0.7999999999999972
3,2018,5,EZ Sweezy,102.0,119.5,Kip Schwartz,False,102.8,-0.7999999999999972,16.700000000000003
4,2018,5,Team Dildo Gaggins,85.5,105.5,Artful Dodger,False,102.8,-17.299999999999997,2.700000000000003
5,2018,5,Artful Dodger,105.5,85.5,Team Dildo Gaggins,True,102.8,2.700000000000003,-17.299999999999997
6,2018,5,Coon Daddy,118.5,74.5,Team Han,True,102.8,15.700000000000003,-28.299999999999997
7,2018,5,Team Han,74.5,118.5,Coon Daddy,False,102.8,-28.299999999999997,15.700000000000003
8,2018,5,Case of Ligma,126.5,99.0,New Delhi Sacko Threepeat,True,102.8,23.700000000000003,-3.799999999999997
9,2018,5,New Delhi Sacko Threepeat,99.0,126.5,Case of Ligma,False,102.8,-3.799999999999997,23.700000000000003
0,2018,6,EZ Sweezy,113.0,114.5,Geico Trap,False,116.55,-3.549999999999997,-2.049999999999997
1,2018,6,Geico Trap,114.5,113.0,EZ Sweezy,True,116.55,-2.049999999999997,-3.549999999999997
2,2018,6,Coon Daddy,94.5,138.0,Kip Schwartz,False,116.55,-22.049999999999997,21.450000000000003
3,2018,6,Kip Schwartz,138.0,94.5,Coon Daddy,True,116.55,21.450000000000003,-22.049999999999997
4,2018,6,New Delhi Sacko Threepeat,118.0,144.0,Artful Dodger,False,116.55,1.4500000000000028,27.450000000000003
5,2018,6,Artful Dodger,144.0,118.0,New Delhi Sacko Threepeat,True,116.55,27.450000000000003,1.4500000000000028
6,2018,6,Team Han,92.0,80.5,Team Dildo Gaggins,True,116.55,-24.549999999999997,-36.05
7,2018,6,Team Dildo Gaggins,80.5,92.0,Team Han,False,116.55,-36.05,-24.549999999999997
8,2018,6,Team TLV Kush,151.0,120.0,Case of Ligma,True,116.55,34.45,3.450000000000003
9,2018,6,Case of Ligma,120.0,151.0,Team TLV Kush,False,116.55,3.450000000000003,34.45
0,2018,7,Team Han,120.5,96.0,EZ Sweezy,True,103.3,17.200000000000003,-7.299999999999997
1,2018,7,EZ Sweezy,96.0,120.5,Team Han,False,103.3,-7.299999999999997,17.200000000000003
2,2018,7,Geico Trap,53.5,106.5,Kip Schwartz,False,103.3,-49.8,3.200000000000003
3,2018,7,Kip Schwartz,106.5,53.5,Geico Trap,True,103.3,3.200000000000003,-49.8
4,2018,7,Coon Daddy,119.5,141.0,New Delhi Sacko Threepeat,False,103.3,16.200000000000003,37.7
5,2018,7,New Delhi Sacko Threepeat,141.0,119.5,Coon Daddy,True,103.3,37.7,16.200000000000003
6,2018,7,Team TLV Kush,102.5,97.5,Team Dildo Gaggins,True,103.3,-0.7999999999999972,-5.799999999999997
7,2018,7,Team Dildo Gaggins,97.5,102.5,Team TLV Kush,False,103.3,-5.799999999999997,-0.7999999999999972
8,2018,7,Case of Ligma,101.0,95.0,Artful Dodger,True,103.3,-2.299999999999997,-8.299999999999997
9,2018,7,Artful Dodger,95.0,101.0,Case of Ligma,False,103.3,-8.299999999999997,-2.299999999999997
0,2018,8,EZ Sweezy,109.5,115.5,Team TLV Kush,False,108.75,0.75,6.75
1,2018,8,Team TLV Kush,115.5,109.5,EZ Sweezy,True,108.75,6.75,0.75
2,2018,8,Coon Daddy,87.0,153.5,Kip Schwartz,False,108.75,-21.75,44.75
3,2018,8,Kip Schwartz,153.5,87.0,Coon Daddy,True,108.75,44.75,-21.75
4,2018,8,Geico Trap,110.5,115.5,Team Dildo Gaggins,False,108.75,1.75,6.75
5,2018,8,Team Dildo Gaggins,115.5,110.5,Geico Trap,True,108.75,6.75,1.75
6,2018,8,New Delhi Sacko Threepeat,79.0,84.0,Artful Dodger,False,108.75,-29.75,-24.75
7,2018,8,Artful Dodger,84.0,79.0,New Delhi Sacko Threepeat,True,108.75,-24.75,-29.75
8,2018,8,Team Han,100.5,132.5,Case of Ligma,False,108.75,-8.25,23.75
9,2018,8,Case of Ligma,132.5,100.5,Team Han,True,108.75,23.75,-8.25
0,2018,9,EZ Sweezy,101.0,110.5,Geico Trap,False,106.7,-5.700000000000003,3.799999999999997
1,2018,9,Geico Trap,110.5,101.0,EZ Sweezy,True,106.7,3.799999999999997,-5.700000000000003
2,2018,9,Team TLV Kush,42.0,105.0,Case of Ligma,False,106.7,-64.7,-1.7000000000000028
3,2018,9,Case of Ligma,105.0,42.0,Team TLV Kush,True,106.7,-1.7000000000000028,-64.7
4,2018,9,New Delhi Sacko Threepeat,134.0,123.5,Team Han,True,106.7,27.299999999999997,16.799999999999997
5,2018,9,Team Han,123.5,134.0,New Delhi Sacko Threepeat,False,106.7,16.799999999999997,27.299999999999997
6,2018,9,Coon Daddy,120.0,76.5,Team Dildo Gaggins,True,106.7,13.299999999999997,-30.200000000000003
7,2018,9,Team Dildo Gaggins,76.5,120.0,Coon Daddy,False,106.7,-30.200000000000003,13.299999999999997
8,2018,9,Artful Dodger,105.0,149.5,Kip Schwartz,False,106.7,-1.7000000000000028,42.8
9,2018,9,Kip Schwartz,149.5,105.0,Artful Dodger,True,106.7,42.8,-1.7000000000000028
0,2018,10,Artful Dodger,122.0,107.5,EZ Sweezy,True,113.1,8.900000000000006,-5.599999999999994
1,2018,10,EZ Sweezy,107.5,122.0,Artful Dodger,False,113.1,-5.599999999999994,8.900000000000006
2,2018,10,Case of Ligma,139.0,122.0,Coon Daddy,True,113.1,25.900000000000006,8.900000000000006
3,2018,10,Coon Daddy,122.0,139.0,Case of Ligma,False,113.1,8.900000000000006,25.900000000000006
4,2018,10,New Delhi Sacko Threepeat,64.5,137.5,Geico Trap,False,113.1,-48.599999999999994,24.400000000000006
5,2018,10,Geico Trap,137.5,64.5,New Delhi Sacko Threepeat,True,113.1,24.400000000000006,-48.599999999999994
6,2018,10,Kip Schwartz,139.5,103.5,Team TLV Kush,True,113.1,26.400000000000006,-9.599999999999994
7,2018,10,Team TLV Kush,103.5,139.5,Kip Schwartz,False,113.1,-9.599999999999994,26.400000000000006
8,2018,10,Team Dildo Gaggins,99.0,96.5,Team Han,True,113.1,-14.099999999999994,-16.599999999999994
9,2018,10,Team Han,96.5,99.0,Team Dildo Gaggins,False,113.1,-16.599999999999994,-14.099999999999994
0,2019,1,Team Han,86.5,109.0,Team TLV Kush,False,115.1,-28.599999999999994,-6.099999999999994
1,2019,1,Team TLV Kush,109.0,86.5,Team Han,True,115.1,-6.099999999999994,-28.599999999999994
2,2019,1,Coon Daddy,112.0,136.0,EZ Sweezy,False,115.1,-3.0999999999999943,20.900000000000006
3,2019,1,EZ Sweezy,136.0,112.0,Coon Daddy,True,115.1,20.900000000000006,-3.0999999999999943
4,2019,1,Team Dildo Gaggins,122.5,91.0,Check His Papers,True,115.1,7.400000000000006,-24.099999999999994
5,2019,1,Check His Papers,91.0,122.5,Team Dildo Gaggins,False,115.1,-24.099999999999994,7.400000000000006
6,2019,1,New Delhi Sacko Threepeat,118.0,139.0,Kip Schwartz,False,115.1,2.9000000000000057,23.900000000000006
7,2019,1,Kip Schwartz,139.0,118.0,New Delhi Sacko Threepeat,True,115.1,23.900000000000006,2.9000000000000057
8,2019,1,Geico Trap,129.0,108.0,Artful Dodger,True,115.1,13.900000000000006,-7.099999999999994
9,2019,1,Artful Dodger,108.0,129.0,Geico Trap,False,115.1,-7.099999999999994,13.900000000000006
0,2019,2,New Delhi Sacko Threepeat,129.5,103.0,EZ Sweezy,True,103.1,26.400000000000006,-0.09999999999999432
1,2019,2,EZ Sweezy,103.0,129.5,New Delhi Sacko Threepeat,False,103.1,-0.09999999999999432,26.400000000000006
2,2019,2,Team Dildo Gaggins,88.0,109.0,Kip Schwartz,False,103.1,-15.099999999999994,5.900000000000006
3,2019,2,Kip Schwartz,109.0,88.0,Team Dildo Gaggins,True,103.1,5.900000000000006,-15.099999999999994
4,2019,2,Team Han,121.5,114.5,Artful Dodger,True,103.1,18.400000000000006,11.400000000000006
5,2019,2,Artful Dodger,114.5,121.5,Team Han,False,103.1,11.400000000000006,18.400000000000006
6,2019,2,Geico Trap,81.5,114.5,Check His Papers,False,103.1,-21.599999999999994,11.400000000000006
7,2019,2,Check His Papers,114.5,81.5,Geico Trap,True,103.1,11.400000000000006,-21.599999999999994
8,2019,2,Coon Daddy,86.0,83.5,Team TLV Kush,True,103.1,-17.099999999999994,-19.599999999999994
9,2019,2,Team TLV Kush,83.5,86.0,Coon Daddy,False,103.1,-19.599999999999994,-17.099999999999994
0,2019,3,Kip Schwartz,126.5,87.5,Check His Papers,True,112.05,14.450000000000003,-24.549999999999997
1,2019,3,Check His Papers,87.5,126.5,Kip Schwartz,False,112.05,-24.549999999999997,14.450000000000003
2,2019,3,EZ Sweezy,110.5,104.0,Team Dildo Gaggins,True,112.05,-1.5499999999999972,-8.049999999999997
3,2019,3,Team Dildo Gaggins,104.0,110.5,EZ Sweezy,False,112.05,-8.049999999999997,-1.5499999999999972
4,2019,3,Artful Dodger,87.5,89.0,Coon Daddy,False,112.05,-24.549999999999997,-23.049999999999997
5,2019,3,Coon Daddy,89.0,87.5,Artful Dodger,True,112.05,-23.049999999999997,-24.549999999999997
6,2019,3,Geico Trap,131.0,140.5,Team Han,False,112.05,18.950000000000003,28.450000000000003
7,2019,3,Team Han,140.5,131.0,Geico Trap,True,112.05,28.450000000000003,18.950000000000003
8,2019,3,Team TLV Kush,113.0,131.0,New Delhi Sacko Threepeat,False,112.05,0.9500000000000028,18.950000000000003
9,2019,3,New Delhi Sacko Threepeat,131.0,113.0,Team TLV Kush,True,112.05,18.950000000000003,0.9500000000000028
0,2019,4,Artful Dodger,144.0,121.0,Team TLV Kush,True,100.95,43.05,20.049999999999997
1,2019,4,Team TLV Kush,121.0,144.0,Artful Dodger,False,100.95,20.049999999999997,43.05
2,2019,4,Kip Schwartz,106.5,117.5,Team Han,False,100.95,5.549999999999997,16.549999999999997
3,2019,4,Team Han,117.5,106.5,Kip Schwartz,True,100.95,16.549999999999997,5.549999999999997
4,2019,4,EZ Sweezy,102.0,78.5,Check His Papers,True,100.95,1.0499999999999972,-22.450000000000003
5,2019,4,Check His Papers,78.5,102.0,EZ Sweezy,False,100.95,-22.450000000000003,1.0499999999999972
6,2019,4,Coon Daddy,97.0,97.5,Geico Trap,False,100.95,-3.950000000000003,-3.450000000000003
7,2019,4,Geico Trap,97.5,97.0,Coon Daddy,True,100.95,-3.450000000000003,-3.950000000000003
8,2019,4,Team Dildo Gaggins,68.0,77.5,New Delhi Sacko Threepeat,False,100.95,-32.95,-23.450000000000003
9,2019,4,New Delhi Sacko Threepeat,77.5,68.0,Team Dildo Gaggins,True,100.95,-23.450000000000003,-32.95
0,2019,5,Team TLV Kush,165.0,101.5,Geico Trap,True,117.75,47.25,-16.25
1,2019,5,Geico Trap,101.5,165.0,Team TLV Kush,False,117.75,-16.25,47.25
2,2019,5,Kip Schwartz,98.0,96.5,EZ Sweezy,True,117.75,-19.75,-21.25
3,2019,5,EZ Sweezy,96.5,98.0,Kip Schwartz,False,117.75,-21.25,-19.75
4,2019,5,Team Dildo Gaggins,115.5,118.5,Artful Dodger,False,117.75,-2.25,0.75
5,2019,5,Artful Dodger,118.5,115.5,Team Dildo Gaggins,True,117.75,0.75,-2.25
6,2019,5,Coon Daddy,133.5,80.0,Team Han,True,117.75,15.75,-37.75
7,2019,5,Team Han,80.0,133.5,Coon Daddy,False,117.75,-37.75,15.75
8,2019,5,Check His Papers,157.5,111.5,New Delhi Sacko Threepeat,True,117.75,39.75,-6.25
9,2019,5,New Delhi Sacko Threepeat,111.5,157.5,Check His Papers,False,117.75,-6.25,39.75
0,2019,6,EZ Sweezy,147.5,115.5,Geico Trap,True,105.35,42.150000000000006,10.150000000000006
1,2019,6,Geico Trap,115.5,147.5,EZ Sweezy,False,105.35,10.150000000000006,42.150000000000006
2,2019,6,Coon Daddy,89.5,108.0,Kip Schwartz,False,105.35,-15.849999999999994,2.6500000000000057
3,2019,6,Kip Schwartz,108.0,89.5,Coon Daddy,True,105.35,2.6500000000000057,-15.849999999999994
4,2019,6,New Delhi Sacko Threepeat,73.0,106.5,Artful Dodger,False,105.35,-32.349999999999994,1.1500000000000057
5,2019,6,Artful Dodger,106.5,73.0,New Delhi Sacko Threepeat,True,105.35,1.1500000000000057,-32.349999999999994
6,2019,6,Team Han,66.5,133.5,Team Dildo Gaggins,False,105.35,-38.849999999999994,28.150000000000006
7,2019,6,Team Dildo Gaggins,133.5,66.5,Team Han,True,105.35,28.150000000000006,-38.849999999999994
8,2019,6,Team TLV Kush,109.0,104.5,Check His Papers,True,105.35,3.6500000000000057,-0.8499999999999943
9,2019,6,Check His Papers,104.5,109.0,Team TLV Kush,False,105.35,-0.8499999999999943,3.6500000000000057
0,2019,7,Team Han,88.5,86.0,EZ Sweezy,True,88.3,0.20000000000000284,-2.299999999999997
1,2019,7,EZ Sweezy,86.0,88.5,Team Han,False,88.3,-2.299999999999997,0.20000000000000284
2,2019,7,Geico Trap,84.5,62.0,Kip Schwartz,True,88.3,-3.799999999999997,-26.299999999999997
3,2019,7,Kip Schwartz,62.0,84.5,Geico Trap,False,88.3,-26.299999999999997,-3.799999999999997
4,2019,7,Coon Daddy,78.5,158.0,New Delhi Sacko Threepeat,False,88.3,-9.799999999999997,69.7
5,2019,7,New Delhi Sacko Threepeat,158.0,78.5,Coon Daddy,True,88.3,69.7,-9.799999999999997
6,2019,7,Team TLV Kush,76.0,86.0,Team Dildo Gaggins,False,88.3,-12.299999999999997,-2.299999999999997
7,2019,7,Team Dildo Gaggins,86.0,76.0,Team TLV Kush,True,88.3,-2.299999999999997,-12.299999999999997
8,2019,7,Check His Papers,70.5,93.0,Artful Dodger,False,88.3,-17.799999999999997,4.700000000000003
9,2019,7,Artful Dodger,93.0,70.5,Check His Papers,True,88.3,4.700000000000003,-17.799999999999997
0,2019,8,EZ Sweezy,115.5,144.0,Team TLV Kush,False,111.7,3.799999999999997,32.3
1,2019,8,Team TLV Kush,144.0,115.5,EZ Sweezy,True,111.7,32.3,3.799999999999997
2,2019,8,Coon Daddy,104.0,146.5,Kip Schwartz,False,111.7,-7.700000000000003,34.8
3,2019,8,Kip Schwartz,146.5,104.0,Coon Daddy,True,111.7,34.8,-7.700000000000003
4,2019,8,Geico Trap,81.0,78.5,Team Dildo Gaggins,True,111.7,-30.700000000000003,-33.2
5,2019,8,Team Dildo Gaggins,78.5,81.0,Geico Trap,False,111.7,-33.2,-30.700000000000003
6,2019,8,New Delhi Sacko Threepeat,88.5,139.5,Artful Dodger,False,111.7,-23.200000000000003,27.799999999999997
7,2019,8,Artful Dodger,139.5,88.5,New Delhi Sacko Threepeat,True,111.7,27.799999999999997,-23.200000000000003
8,2019,8,Team Han,119.5,100.0,Check His Papers,True,111.7,7.799999999999997,-11.700000000000003
9,2019,8,Check His Papers,100.0,119.5,Team Han,False,111.7,-11.700000000000003,7.799999999999997
0,2019,9,EZ Sweezy,99.5,120.0,Geico Trap,False,99.65,-0.15000000000000568,20.349999999999994
1,2019,9,Geico Trap,120.0,99.5,EZ Sweezy,True,99.65,20.349999999999994,-0.15000000000000568
2,2019,9,Team TLV Kush,100.0,108.0,Check His Papers,False,99.65,0.3499999999999943,8.349999999999994
3,2019,9,Check His Papers,108.0,100.0,Team TLV Kush,True,99.65,8.349999999999994,0.3499999999999943
4,2019,9,New Delhi Sacko Threepeat,94.0,95.0,Team Han,False,99.65,-5.650000000000006,-4.650000000000006
5,2019,9,Team Han,95.0,94.0,New Delhi Sacko Threepeat,True,99.65,-4.650000000000006,-5.650000000000006
6,2019,9,Coon Daddy,106.5,85.5,Team Dildo Gaggins,True,99.65,6.849999999999994,-14.150000000000006
7,2019,9,Team Dildo Gaggins,85.5,106.5,Coon Daddy,False,99.65,-14.150000000000006,6.849999999999994
8,2019,9,Artful Dodger,115.5,72.5,Kip Schwartz,True,99.65,15.849999999999994,-27.150000000000006
9,2019,9,Kip Schwartz,72.5,115.5,Artful Dodger,False,99.65,-27.150000000000006,15.849999999999994
0,2019,10,Artful Dodger,116.5,112.5,EZ Sweezy,True,108.25,8.25,4.25
1,2019,10,EZ Sweezy,112.5,116.5,Artful Dodger,False,108.25,4.25,8.25
2,2019,10,Check His Papers,106.0,116.0,Coon Daddy,False,108.25,-2.25,7.75
3,2019,10,Coon Daddy,116.0,106.0,Check His Papers,True,108.25,7.75,-2.25
4,2019,10,New Delhi Sacko Threepeat,110.5,128.5,Geico Trap,False,108.25,2.25,20.25
5,2019,10,Geico Trap,128.5,110.5,New Delhi Sacko Threepeat,True,108.25,20.25,2.25
6,2019,10,Kip Schwartz,89.0,101.0,Team TLV Kush,False,108.25,-19.25,-7.25
7,2019,10,Team TLV Kush,101.0,89.0,Kip Schwartz,True,108.25,-7.25,-19.25
8,2019,10,Team Dildo Gaggins,88.0,114.5,Team Han,False,108.25,-20.25,6.25
9,2019,10,Team Han,114.5,88.0,Team Dildo Gaggins,True,108.25,6.25,-20.25
0,2020,1,Team Han,107.0,133.0,Team Mile High,False,114.7,-7.700000000000003,18.299999999999997
1,2020,1,Team Mile High,133.0,107.0,Team Han,True,114.7,18.299999999999997,-7.700000000000003
2,2020,1,Coon Daddy,119.0,135.5,EZ Sweezy,False,114.7,4.299999999999997,20.799999999999997
3,2020,1,EZ Sweezy,135.5,119.0,Coon Daddy,True,114.7,20.799999999999997,4.299999999999997
4,2020,1,Team Dildo Gaggins,83.0,125.0,Mile high Hairline,False,114.7,-31.700000000000003,10.299999999999997
5,2020,1,Mile high Hairline,125.0,83.0,Team Dildo Gaggins,True,114.7,10.299999999999997,-31.700000000000003
6,2020,1,Main st vs Wall st,92.5,107.0,Kip Schwartz,False,114.7,-22.200000000000003,-7.700000000000003
7,2020,1,Kip Schwartz,107.0,92.5,Main st vs Wall st,True,114.7,-7.700000000000003,-22.200000000000003
8,2020,1,Geico Trap,132.5,112.5,Artful Dodger,True,114.7,17.799999999999997,-2.200000000000003
9,2020,1,Artful Dodger,112.5,132.5,Geico Trap,False,114.7,-2.200000000000003,17.799999999999997
0,2020,2,Main st vs Wall st,101.0,95.0,EZ Sweezy,True,113.3,-12.299999999999997,-18.299999999999997
1,2020,2,EZ Sweezy,95.0,101.0,Main st vs Wall st,False,113.3,-18.299999999999997,-12.299999999999997
2,2020,2,Team Dildo Gaggins,100.0,110.0,Kip Schwartz,False,113.3,-13.299999999999997,-3.299999999999997
3,2020,2,Kip Schwartz,110.0,100.0,Team Dildo Gaggins,True,113.3,-3.299999999999997,-13.299999999999997
4,2020,2,Team Han,90.5,133.0,Artful Dodger,False,113.3,-22.799999999999997,19.700000000000003
5,2020,2,Artful Dodger,133.0,90.5,Team Han,True,113.3,19.700000000000003,-22.799999999999997
6,2020,2,Geico Trap,110.0,147.0,Mile high Hairline,False,113.3,-3.299999999999997,33.7
7,2020,2,Mile high Hairline,147.0,110.0,Geico Trap,True,113.3,33.7,-3.299999999999997
8,2020,2,Coon Daddy,92.0,154.5,Team Mile High,False,113.3,-21.299999999999997,41.2
9,2020,2,Team Mile High,154.5,92.0,Coon Daddy,True,113.3,41.2,-21.299999999999997
0,2020,3,Kip Schwartz,108.0,115.5,Mile high Hairline,False,114.0,-6.0,1.5
1,2020,3,Mile high Hairline,115.5,108.0,Kip Schwartz,True,114.0,1.5,-6.0
2,2020,3,EZ Sweezy,94.0,124.5,Team Dildo Gaggins,False,114.0,-20.0,10.5
3,2020,3,Team Dildo Gaggins,124.5,94.0,EZ Sweezy,True,114.0,10.5,-20.0
4,2020,3,Artful Dodger,105.0,129.0,Coon Daddy,False,114.0,-9.0,15.0
5,2020,3,Coon Daddy,129.0,105.0,Artful Dodger,True,114.0,15.0,-9.0
6,2020,3,Geico Trap,129.5,95.0,Team Han,True,114.0,15.5,-19.0
7,2020,3,Team Han,95.0,129.5,Geico Trap,False,114.0,-19.0,15.5
8,2020,3,Team Mile High,101.5,138.0,Main st vs Wall st,False,114.0,-12.5,24.0
9,2020,3,Main st vs Wall st,138.0,101.5,Team Mile High,True,114.0,24.0,-12.5
0,2020,4,Artful Dodger,102.5,112.5,Team Mile High,False,110.25,-7.75,2.25
1,2020,4,Team Mile High,112.5,102.5,Artful Dodger,True,110.25,2.25,-7.75
2,2020,4,Kip Schwartz,127.0,92.5,Team Han,True,110.25,16.75,-17.75
3,2020,4,Team Han,92.5,127.0,Kip Schwartz,False,110.25,-17.75,16.75
4,2020,4,EZ Sweezy,103.5,95.5,Mile high Hairline,True,110.25,-6.75,-14.75
5,2020,4,Mile high Hairline,95.5,103.5,EZ Sweezy,False,110.25,-14.75,-6.75
6,2020,4,Coon Daddy,123.0,97.0,Geico Trap,True,110.25,12.75,-13.25
7,2020,4,Geico Trap,97.0,123.0,Coon Daddy,False,110.25,-13.25,12.75
8,2020,4,Team Dildo Gaggins,86.5,162.5,Main st vs Wall st,False,110.25,-23.75,52.25
9,2020,4,Main st vs Wall st,162.5,86.5,Team Dildo Gaggins,True,110.25,52.25,-23.75
0,2020,5,Team Mile High,125.0,112.5,Geico Trap,True,107.5,17.5,5.0
1,2020,5,Geico Trap,112.5,125.0,Team Mile High,False,107.5,5.0,17.5
2,2020,5,Kip Schwartz,104.0,161.5,EZ Sweezy,False,107.5,-3.5,54.0
3,2020,5,EZ Sweezy,161.5,104.0,Kip Schwartz,True,107.5,54.0,-3.5
4,2020,5,Team Dildo Gaggins,128.5,83.0,Artful Dodger,True,107.5,21.0,-24.5
5,2020,5,Artful Dodger,83.0,128.5,Team Dildo Gaggins,False,107.5,-24.5,21.0
6,2020,5,Coon Daddy,110.5,71.0,Team Han,True,107.5,3.0,-36.5
7,2020,5,Team Han,71.0,110.5,Coon Daddy,False,107.5,-36.5,3.0
8,2020,5,Mile high Hairline,90.5,88.5,Main st vs Wall st,True,107.5,-17.0,-19.0
9,2020,5,Main st vs Wall st,88.5,90.5,Mile high Hairline,False,107.5,-19.0,-17.0
0,2020,6,EZ Sweezy,106.5,66.5,Geico Trap,True,99.6,6.900000000000006,-33.099999999999994
1,2020,6,Geico Trap,66.5,106.5,EZ Sweezy,False,99.6,-33.099999999999994,6.900000000000006
2,2020,6,Coon Daddy,103.5,109.0,Kip Schwartz,False,99.6,3.9000000000000057,9.400000000000006
3,2020,6,Kip Schwartz,109.0,103.5,Coon Daddy,True,99.6,9.400000000000006,3.9000000000000057
4,2020,6,Main st vs Wall st,113.0,119.0,Artful Dodger,False,99.6,13.400000000000006,19.400000000000006
5,2020,6,Artful Dodger,119.0,113.0,Main st vs Wall st,True,99.6,19.400000000000006,13.400000000000006
6,2020,6,Team Han,100.5,103.5,Team Dildo Gaggins,False,99.6,0.9000000000000057,3.9000000000000057
7,2020,6,Team Dildo Gaggins,103.5,100.5,Team Han,True,99.6,3.9000000000000057,0.9000000000000057
8,2020,6,Team Mile High,97.5,77.0,Mile high Hairline,True,99.6,-2.0999999999999943,-22.599999999999994
9,2020,6,Mile high Hairline,77.0,97.5,Team Mile High,False,99.6,-22.599999999999994,-2.0999999999999943
0,2020,7,Team Han,116.5,95.0,EZ Sweezy,True,105.75,10.75,-10.75
1,2020,7,EZ Sweezy,95.0,116.5,Team Han,False,105.75,-10.75,10.75
2,2020,7,Geico Trap,89.0,101.0,Kip Schwartz,False,105.75,-16.75,-4.75
3,2020,7,Kip Schwartz,101.0,89.0,Geico Trap,True,105.75,-4.75,-16.75
4,2020,7,Coon Daddy,126.5,128.0,Main st vs Wall st,False,105.75,20.75,22.25
5,2020,7,Main st vs Wall st,128.0,126.5,Coon Daddy,True,105.75,22.25,20.75
6,2020,7,Team Mile High,81.5,93.5,Team Dildo Gaggins,False,105.75,-24.25,-12.25
7,2020,7,Team Dildo Gaggins,93.5,81.5,Team Mile High,True,105.75,-12.25,-24.25
8,2020,7,Mile high Hairline,111.0,115.5,Artful Dodger,False,105.75,5.25,9.75
9,2020,7,Artful Dodger,115.5,111.0,Mile high Hairline,True,105.75,9.75,5.25
0,2020,8,EZ Sweezy,90.0,104.5,Team Mile High,False,96.75,-6.75,7.75
1,2020,8,Team Mile High,104.5,90.0,EZ Sweezy,True,96.75,7.75,-6.75
2,2020,8,Coon Daddy,96.5,79.0,Kip Schwartz,True,96.75,-0.25,-17.75
3,2020,8,Kip Schwartz,79.0,96.5,Coon Daddy,False,96.75,-17.75,-0.25
4,2020,8,Geico Trap,136.5,65.0,Team Dildo Gaggins,True,96.75,39.75,-31.75
5,2020,8,Team Dildo Gaggins,65.0,136.5,Geico Trap,False,96.75,-31.75,39.75
6,2020,8,Main st vs Wall st,99.5,85.0,Artful Dodger,True,96.75,2.75,-11.75
7,2020,8,Artful Dodger,85.0,99.5,Main st vs Wall st,False,96.75,-11.75,2.75
8,2020,8,Team Han,122.5,89.0,Mile high Hairline,True,96.75,25.75,-7.75
9,2020,8,Mile high Hairline,89.0,122.5,Team Han,False,96.75,-7.75,25.75
0,2020,9,EZ Sweezy,82.5,140.0,Geico Trap,False,97.05,-14.549999999999997,42.95
1,2020,9,Geico Trap,140.0,82.5,EZ Sweezy,True,97.05,42.95,-14.549999999999997
2,2020,9,Team Mile High,81.5,87.0,Mile high Hairline,False,97.05,-15.549999999999997,-10.049999999999997
3,2020,9,Mile high Hairline,87.0,81.5,Team Mile High,True,97.05,-10.049999999999997,-15.549999999999997
4,2020,9,Main st vs Wall st,82.0,114.5,Team Han,False,97.05,-15.049999999999997,17.450000000000003
5,2020,9,Team Han,114.5,82.0,Main st vs Wall st,True,97.05,17.450000000000003,-15.049999999999997
6,2020,9,Coon Daddy,81.0,108.0,Team Dildo Gaggins,False,97.05,-16.049999999999997,10.950000000000003
7,2020,9,Team Dildo Gaggins,108.0,81.0,Coon Daddy,True,97.05,10.950000000000003,-16.049999999999997
8,2020,9,Artful Dodger,83.0,111.0,Kip Schwartz,False,97.05,-14.049999999999997,13.950000000000003
9,2020,9,Kip Schwartz,111.0,83.0,Artful Dodger,True,97.05,13.950000000000003,-14.049999999999997
0,2020,10,Artful Dodger,81.0,85.0,EZ Sweezy,False,89.8,-8.799999999999997,-4.799999999999997
1,2020,10,EZ Sweezy,85.0,81.0,Artful Dodger,True,89.8,-4.799999999999997,-8.799999999999997
2,2020,10,Mile high Hairline,85.5,93.5,Coon Daddy,False,89.8,-4.299999999999997,3.700000000000003
3,2020,10,Coon Daddy,93.5,85.5,Mile high Hairline,True,89.8,3.700000000000003,-4.299999999999997
4,2020,10,Main st vs Wall st,76.5,90.0,Geico Trap,False,89.8,-13.299999999999997,0.20000000000000284
5,2020,10,Geico Trap,90.0,76.5,Main st vs Wall st,True,89.8,0.20000000000000284,-13.299999999999997
6,2020,10,Kip Schwartz,104.5,111.5,Team Mile High,False,89.8,14.700000000000003,21.700000000000003
7,2020,10,Team Mile High,111.5,104.5,Kip Schwartz,True,89.8,21.700000000000003,14.700000000000003
8,2020,10,Team Dildo Gaggins,70.5,100.0,Team Han,False,89.8,-19.299999999999997,10.200000000000003
9,2020,10,Team Han,100.0,70.5,Team Dildo Gaggins,True,89.8,10.200000000000003,-19.299999999999997
0,2021,1,Artful Dodger,88.5,103.5,Team Han,False,109.6,-21.099999999999994,-6.099999999999994
1,2021,1,Team Han,103.5,88.5,Artful Dodger,True,109.6,-6.099999999999994,-21.099999999999994
2,2021,1,Kip Schwartz,112.0,159.5,Strip Club Talent Scouts,False,109.6,2.4000000000000057,49.900000000000006
3,2021,1,Strip Club Talent Scouts,159.5,112.0,Kip Schwartz,True,109.6,49.900000000000006,2.4000000000000057
4,2021,1,Team Miles High,103.5,105.0,EZ Sweezy,False,109.6,-6.099999999999994,-4.599999999999994
5,2021,1,EZ Sweezy,105.0,103.5,Team Miles High,True,109.6,-4.599999999999994,-6.099999999999994
6,2021,1,Team Dildo Gaggins,114.5,137.5,Geico Trap,False,109.6,4.900000000000006,27.900000000000006
7,2021,1,Geico Trap,137.5,114.5,Team Dildo Gaggins,True,109.6,27.900000000000006,4.900000000000006
8,2021,1,TheBetter brown brother,63.5,108.5,Coon Daddy,False,109.6,-46.099999999999994,-1.0999999999999943
9,2021,1,Coon Daddy,108.5,63.5,TheBetter brown brother,True,109.6,-1.0999999999999943,-46.099999999999994
0,2021,2,Artful Dodger,87.5,91.0,Team Dildo Gaggins,False,110.05,-22.549999999999997,-19.049999999999997
1,2021,2,Team Dildo Gaggins,91.0,87.5,Artful Dodger,True,110.05,-19.049999999999997,-22.549999999999997
2,2021,2,Coon Daddy,134.5,102.0,Team Miles High,True,110.05,24.450000000000003,-8.049999999999997
3,2021,2,Team Miles High,102.0,134.5,Coon Daddy,False,110.05,-8.049999999999997,24.450000000000003
4,2021,2,Team Han,109.5,104.5,Kip Schwartz,True,110.05,-0.5499999999999972,-5.549999999999997
5,2021,2,Kip Schwartz,104.5,109.5,Team Han,False,110.05,-5.549999999999997,-0.5499999999999972
6,2021,2,TheBetter brown brother,147.0,108.0,Geico Trap,True,110.05,36.95,-2.049999999999997
7,2021,2,Geico Trap,108.0,147.0,TheBetter brown brother,False,110.05,-2.049999999999997,36.95
8,2021,2,Strip Club Talent Scouts,90.5,126.0,EZ Sweezy,False,110.05,-19.549999999999997,15.950000000000003
9,2021,2,EZ Sweezy,126.0,90.5,Strip Club Talent Scouts,True,110.05,15.950000000000003,-19.549999999999997
0,2021,3,Artful Dodger,86.0,137.5,Kip Schwartz,False,108.85,-22.849999999999994,28.650000000000006
1,2021,3,Kip Schwartz,137.5,86.0,Artful Dodger,True,108.85,28.650000000000006,-22.849999999999994
2,2021,3,TheBetter brown brother,101.0,76.0,Team Miles High,True,108.85,-7.849999999999994,-32.849999999999994
3,2021,3,Team Miles High,76.0,101.0,TheBetter brown brother,False,108.85,-32.849999999999994,-7.849999999999994
4,2021,3,Team Han,139.5,115.0,Coon Daddy,True,108.85,30.650000000000006,6.150000000000006
5,2021,3,Coon Daddy,115.0,139.5,Team Han,False,108.85,6.150000000000006,30.650000000000006
6,2021,3,Geico Trap,130.5,125.5,EZ Sweezy,True,108.85,21.650000000000006,16.650000000000006
7,2021,3,EZ Sweezy,125.5,130.5,Geico Trap,False,108.85,16.650000000000006,21.650000000000006
8,2021,3,Team Dildo Gaggins,101.0,76.5,Strip Club Talent Scouts,True,108.85,-7.849999999999994,-32.349999999999994
9,2021,3,Strip Club Talent Scouts,76.5,101.0,Team Dildo Gaggins,False,108.85,-32.349999999999994,-7.849999999999994
0,2021,4,Artful Dodger,132.0,128.0,Strip Club Talent Scouts,True,107.2,24.799999999999997,20.799999999999997
1,2021,4,Strip Club Talent Scouts,128.0,132.0,Artful Dodger,False,107.2,20.799999999999997,24.799999999999997
2,2021,4,Team Han,77.5,91.5,Team Dildo Gaggins,False,107.2,-29.700000000000003,-15.700000000000003
3,2021,4,Team Dildo Gaggins,91.5,77.5,Team Han,True,107.2,-15.700000000000003,-29.700000000000003
4,2021,4,TheBetter brown brother,111.5,145.5,EZ Sweezy,False,107.2,4.299999999999997,38.3
5,2021,4,EZ Sweezy,145.5,111.5,TheBetter brown brother,True,107.2,38.3,4.299999999999997
6,2021,4,Coon Daddy,105.0,64.5,Geico Trap,True,107.2,-2.200000000000003,-42.7
7,2021,4,Geico Trap,64.5,105.0,Coon Daddy,False,107.2,-42.7,-2.200000000000003
8,2021,4,Kip Schwartz,98.0,118.5,Team Miles High,False,107.2,-9.200000000000003,11.299999999999997
9,2021,4,Team Miles High,118.5,98.0,Kip Schwartz,True,107.2,11.299999999999997,-9.200000000000003
0,2021,5,Team Dildo Gaggins,166.0,111.0,Kip Schwartz,True,121.85,44.150000000000006,-10.849999999999994
1,2021,5,Kip Schwartz,111.0,166.0,Team Dildo Gaggins,False,121.85,-10.849999999999994,44.150000000000006
2,2021,5,Artful Dodger,162.0,123.0,TheBetter brown brother,True,121.85,40.150000000000006,1.1500000000000057
3,2021,5,TheBetter brown brother,123.0,162.0,Artful Dodger,False,121.85,1.1500000000000057,40.150000000000006
4,2021,5,Team Han,99.5,124.5,Strip Club Talent Scouts,False,121.85,-22.349999999999994,2.6500000000000057
5,2021,5,Strip Club Talent Scouts,124.5,99.5,Team Han,True,121.85,2.6500000000000057,-22.349999999999994
6,2021,5,Geico Trap,133.0,104.5,Team Miles High,True,121.85,11.150000000000006,-17.349999999999994
7,2021,5,Team Miles High,104.5,133.0,Geico Trap,False,121.85,-17.349999999999994,11.150000000000006
8,2021,5,Coon Daddy,119.0,76.0,EZ Sweezy,True,121.85,-2.8499999999999943,-45.849999999999994
9,2021,5,EZ Sweezy,76.0,119.0,Coon Daddy,False,121.85,-45.849999999999994,-2.8499999999999943
0,2021,6,Team Han,114.0,106.5,Geico Trap,True,113.2,0.7999999999999972,-6.700000000000003
1,2021,6,Geico Trap,106.5,114.0,Team Han,False,113.2,-6.700000000000003,0.7999999999999972
2,2021,6,Strip Club Talent Scouts,111.0,121.0,TheBetter brown brother,False,113.2,-2.200000000000003,7.799999999999997
3,2021,6,TheBetter brown brother,121.0,111.0,Strip Club Talent Scouts,True,113.2,7.799999999999997,-2.200000000000003
4,2021,6,Kip Schwartz,121.0,81.0,EZ Sweezy,True,113.2,7.799999999999997,-32.2
5,2021,6,EZ Sweezy,81.0,121.0,Kip Schwartz,False,113.2,-32.2,7.799999999999997
6,2021,6,Artful Dodger,131.0,118.0,Coon Daddy,True,113.2,17.799999999999997,4.799999999999997
7,2021,6,Coon Daddy,118.0,131.0,Artful Dodger,False,113.2,4.799999999999997,17.799999999999997
8,2021,6,Team Dildo Gaggins,133.5,95.0,Team Miles High,True,113.2,20.299999999999997,-18.200000000000003
9,2021,6,Team Miles High,95.0,133.5,Team Dildo Gaggins,False,113.2,-18.200000000000003,20.299999999999997
0,2021,7,Team Han,108.0,78.5,Team Miles High,True,106.4,1.5999999999999943,-27.900000000000006
1,2021,7,Team Miles High,78.5,108.0,Team Han,False,106.4,-27.900000000000006,1.5999999999999943
2,2021,7,Strip Club Talent Scouts,117.0,123.0,Coon Daddy,False,106.4,10.599999999999994,16.599999999999994
3,2021,7,Coon Daddy,123.0,117.0,Strip Club Talent Scouts,True,106.4,16.599999999999994,10.599999999999994
4,2021,7,Artful Dodger,123.0,88.0,Geico Trap,True,106.4,16.599999999999994,-18.400000000000006
5,2021,7,Geico Trap,88.0,123.0,Artful Dodger,False,106.4,-18.400000000000006,16.599999999999994
6,2021,7,Kip Schwartz,65.0,155.0,TheBetter brown brother,False,106.4,-41.400000000000006,48.599999999999994
7,2021,7,TheBetter brown brother,155.0,65.0,Kip Schwartz,True,106.4,48.599999999999994,-41.400000000000006
8,2021,7,Team Dildo Gaggins,138.0,68.5,EZ Sweezy,True,106.4,31.599999999999994,-37.900000000000006
9,2021,7,EZ Sweezy,68.5,138.0,Team Dildo Gaggins,False,106.4,-37.900000000000006,31.599999999999994
0,2021,8,Team Han,141.5,97.5,EZ Sweezy,True,98.5,43.0,-1.0
1,2021,8,EZ Sweezy,97.5,141.5,Team Han,False,98.5,-1.0,43.0
2,2021,8,Team Dildo Gaggins,119.5,78.0,TheBetter brown brother,True,98.5,21.0,-20.5
3,2021,8,TheBetter brown brother,78.0,119.5,Team Dildo Gaggins,False,98.5,-20.5,21.0
4,2021,8,Artful Dodger,94.5,102.5,Team Miles High,False,98.5,-4.0,4.0
5,2021,8,Team Miles High,102.5,94.5,Artful Dodger,True,98.5,4.0,-4.0
6,2021,8,Kip Schwartz,82.5,85.5,Coon Daddy,False,98.5,-16.0,-13.0
7,2021,8,Coon Daddy,85.5,82.5,Kip Schwartz,True,98.5,-13.0,-16.0
8,2021,8,Strip Club Talent Scouts,100.0,83.5,Geico Trap,True,98.5,1.5,-15.0
9,2021,8,Geico Trap,83.5,100.0,Strip Club Talent Scouts,False,98.5,-15.0,1.5
0,2021,9,Team Han,64.5,66.0,Artful Dodger,False,92.2,-27.700000000000003,-26.200000000000003
1,2021,9,Artful Dodger,66.0,64.5,Team Han,True,92.2,-26.200000000000003,-27.700000000000003
2,2021,9,Team Dildo Gaggins,88.5,106.0,Coon Daddy,False,92.2,-3.700000000000003,13.799999999999997
3,2021,9,Coon Daddy,106.0,88.5,Team Dildo Gaggins,True,92.2,13.799999999999997,-3.700000000000003
4,2021,9,Geico Trap,101.5,96.0,TheBetter brown brother,True,92.2,9.299999999999997,3.799999999999997
5,2021,9,TheBetter brown brother,96.0,101.5,Geico Trap,False,92.2,3.799999999999997,9.299999999999997
6,2021,9,EZ Sweezy,121.0,110.5,Team Miles High,True,92.2,28.799999999999997,18.299999999999997
7,2021,9,Team Miles High,110.5,121.0,EZ Sweezy,False,92.2,18.299999999999997,28.799999999999997
8,2021,9,Strip Club Talent Scouts,96.0,72.0,Kip Schwartz,True,92.2,3.799999999999997,-20.200000000000003
9,2021,9,Kip Schwartz,72.0,96.0,Strip Club Talent Scouts,False,92.2,-20.200000000000003,3.799999999999997
0,2021,10,Kip Schwartz,92.5,80.0,Team Han,True,101.3,-8.799999999999997,-21.299999999999997
1,2021,10,Team Han,80.0,92.5,Kip Schwartz,False,101.3,-21.299999999999997,-8.799999999999997
2,2021,10,Strip Club Talent Scouts,89.0,115.5,Team Miles High,False,101.3,-12.299999999999997,14.200000000000003
3,2021,10,Team Miles High,115.5,89.0,Strip Club Talent Scouts,True,101.3,14.200000000000003,-12.299999999999997
4,2021,10,Coon Daddy,102.5,72.0,TheBetter brown brother,True,101.3,1.2000000000000028,-29.299999999999997
5,2021,10,TheBetter brown brother,72.0,102.5,Coon Daddy,False,101.3,-29.299999999999997,1.2000000000000028
6,2021,10,EZ Sweezy,93.5,100.0,Geico Trap,False,101.3,-7.799999999999997,-1.2999999999999972
7,2021,10,Geico Trap,100.0,93.5,EZ Sweezy,True,101.3,-1.2999999999999972,-7.799999999999997
8,2021,10,Team Dildo Gaggins,106.5,161.5,Artful Dodger,False,101.3,5.200000000000003,60.2
9,2021,10,Artful Dodger,161.5,106.5,Team Dildo Gaggins,True,101.3,60.2,5.200000000000003
0,2022,1,Artful Dodger,139.5,155.0,Team Han,False,106.3,33.2,48.7
1,2022,1,Team Han,155.0,139.5,Artful Dodger,True,106.3,48.7,33.2
2,2022,1,Kip Schwartz,135.5,74.5,Foxconn's Nets Installer,True,106.3,29.200000000000003,-31.799999999999997
3,2022,1,Foxconn's Nets Installer,74.5,135.5,Kip Schwartz,False,106.3,-31.799999999999997,29.200000000000003
4,2022,1,Team Miles High,107.0,85.5,EZ Sweezy,True,106.3,0.7000000000000028,-20.799999999999997
5,2022,1,EZ Sweezy,85.5,107.0,Team Miles High,False,106.3,-20.799999999999997,0.7000000000000028
6,2022,1,Team Dildo Gaggins,112.0,90.5,Geico Trap,True,106.3,5.700000000000003,-15.799999999999997
7,2022,1,Geico Trap,90.5,112.0,Team Dildo Gaggins,False,106.3,-15.799999999999997,5.700000000000003
8,2022,1,TheBetter brown brother,73.0,90.5,Coon Daddy,False,106.3,-33.3,-15.799999999999997
9,2022,1,Coon Daddy,90.5,73.0,TheBetter brown brother,True,106.3,-15.799999999999997,-33.3
0,2022,2,Artful Dodger,118.0,146.0,Team Dildo Gaggins,False,114.25,3.75,31.75
1,2022,2,Team Dildo Gaggins,146.0,118.0,Artful Dodger,True,114.25,31.75,3.75
2,2022,2,Coon Daddy,75.0,88.5,Team Miles High,False,114.25,-39.25,-25.75
3,2022,2,Team Miles High,88.5,75.0,Coon Daddy,True,114.25,-25.75,-39.25
4,2022,2,Team Han,135.0,118.5,Kip Schwartz,True,114.25,20.75,4.25
5,2022,2,Kip Schwartz,118.5,135.0,Team Han,False,114.25,4.25,20.75
6,2022,2,TheBetter brown brother,91.5,131.5,Geico Trap,False,114.25,-22.75,17.25
7,2022,2,Geico Trap,131.5,91.5,TheBetter brown brother,True,114.25,17.25,-22.75
8,2022,2,Foxconn's Nets Installer,108.5,130.0,EZ Sweezy,False,114.25,-5.75,15.75
9,2022,2,EZ Sweezy,130.0,108.5,Foxconn's Nets Installer,True,114.25,15.75,-5.75
0,2022,3,Artful Dodger,86.0,77.0,Kip Schwartz,True,93.9,-7.900000000000006,-16.900000000000006
1,2022,3,Kip Schwartz,77.0,86.0,Artful Dodger,False,93.9,-16.900000000000006,-7.900000000000006
2,2022,3,TheBetter brown brother,108.5,102.5,Team Miles High,True,93.9,14.599999999999994,8.599999999999994
3,2022,3,Team Miles High,102.5,108.5,TheBetter brown brother,False,93.9,8.599999999999994,14.599999999999994
4,2022,3,Team Han,96.5,79.5,Coon Daddy,True,93.9,2.5999999999999943,-14.400000000000006
5,2022,3,Coon Daddy,79.5,96.5,Team Han,False,93.9,-14.400000000000006,2.5999999999999943
6,2022,3,Geico Trap,105.5,98.0,EZ Sweezy,True,93.9,11.599999999999994,4.099999999999994
7,2022,3,EZ Sweezy,98.0,105.5,Geico Trap,False,93.9,4.099999999999994,11.599999999999994
8,2022,3,Team Dildo Gaggins,87.0,98.5,Foxconn's Nets Installer,False,93.9,-6.900000000000006,4.599999999999994
9,2022,3,Foxconn's Nets Installer,98.5,87.0,Team Dildo Gaggins,True,93.9,4.599999999999994,-6.900000000000006
0,2022,4,Artful Dodger,61.0,104.5,Foxconn's Nets Installer,False,105.05,-44.05,-0.5499999999999972
1,2022,4,Foxconn's Nets Installer,104.5,61.0,Artful Dodger,True,105.05,-0.5499999999999972,-44.05
2,2022,4,Team Han,120.5,94.0,Team Dildo Gaggins,True,105.05,15.450000000000003,-11.049999999999997
3,2022,4,Team Dildo Gaggins,94.0,120.5,Team Han,False,105.05,-11.049999999999997,15.450000000000003
4,2022,4,TheBetter brown brother,128.5,150.0,EZ Sweezy,False,105.05,23.450000000000003,44.95
5,2022,4,EZ Sweezy,150.0,128.5,TheBetter brown brother,True,105.05,44.95,23.450000000000003
6,2022,4,Coon Daddy,114.5,92.5,Geico Trap,True,105.05,9.450000000000003,-12.549999999999997
7,2022,4,Geico Trap,92.5,114.5,Coon Daddy,False,105.05,-12.549999999999997,9.450000000000003
8,2022,4,Kip Schwartz,96.5,88.5,Team Miles High,True,105.05,-8.549999999999997,-16.549999999999997
9,2022,4,Team Miles High,88.5,96.5,Kip Schwartz,False,105.05,-16.549999999999997,-8.549999999999997
0,2022,5,Team Dildo Gaggins,113.5,108.5,Kip Schwartz,True,106.3,7.200000000000003,2.200000000000003
1,2022,5,Kip Schwartz,108.5,113.5,Team Dildo Gaggins,False,106.3,2.200000000000003,7.200000000000003
2,2022,5,Artful Dodger,104.0,113.5,TheBetter brown brother,False,106.3,-2.299999999999997,7.200000000000003
3,2022,5,TheBetter brown brother,113.5,104.0,Artful Dodger,True,106.3,7.200000000000003,-2.299999999999997
4,2022,5,Team Han,144.5,123.0,Foxconn's Nets Installer,True,106.3,38.2,16.700000000000003
5,2022,5,Foxconn's Nets Installer,123.0,144.5,Team Han,False,106.3,16.700000000000003,38.2
6,2022,5,Geico Trap,77.0,76.5,Team Miles High,True,106.3,-29.299999999999997,-29.799999999999997
7,2022,5,Team Miles High,76.5,77.0,Geico Trap,False,106.3,-29.799999999999997,-29.299999999999997
8,2022,5,Coon Daddy,88.5,114.0,EZ Sweezy,False,106.3,-17.799999999999997,7.700000000000003
9,2022,5,EZ Sweezy,114.0,88.5,Coon Daddy,True,106.3,7.700000000000003,-17.799999999999997
0,2022,6,Team Han,106.5,107.0,Geico Trap,False,93.5,13.0,13.5
1,2022,6,Geico Trap,107.0,106.5,Team Han,True,93.5,13.5,13.0
2,2022,6,Foxconn's Nets Installer,87.5,83.5,TheBetter brown brother,True,93.5,-6.0,-10.0
3,2022,6,TheBetter brown brother,83.5,87.5,Foxconn's Nets Installer,False,93.5,-10.0,-6.0
4,2022,6,Kip Schwartz,68.0,76.5,EZ Sweezy,False,93.5,-25.5,-17.0
5,2022,6,EZ Sweezy,76.5,68.0,Kip Schwartz,True,93.5,-17.0,-25.5
6,2022,6,Artful Dodger,105.5,74.0,Coon Daddy,True,93.5,12.0,-19.5
7,2022,6,Coon Daddy,74.0,105.5,Artful Dodger,False,93.5,-19.5,12.0
8,2022,6,Team Dildo Gaggins,95.0,131.5,Team Miles High,False,93.5,1.5,38.0
9,2022,6,Team Miles High,131.5,95.0,Team Dildo Gaggins,True,93.5,38.0,1.5
0,2022,7,Team Han,88.5,122.0,Team Miles High,False,97.95,-9.450000000000003,24.049999999999997
1,2022,7,Team Miles High,122.0,88.5,Team Han,True,97.95,24.049999999999997,-9.450000000000003
2,2022,7,Foxconn's Nets Installer,112.5,64.5,Coon Daddy,True,97.95,14.549999999999997,-33.45
3,2022,7,Coon Daddy,64.5,112.5,Foxconn's Nets Installer,False,97.95,-33.45,14.549999999999997
4,2022,7,Artful Dodger,77.5,89.5,Geico Trap,False,97.95,-20.450000000000003,-8.450000000000003
5,2022,7,Geico Trap,89.5,77.5,Artful Dodger,True,97.95,-8.450000000000003,-20.450000000000003
6,2022,7,Kip Schwartz,88.0,109.5,TheBetter brown brother,False,97.95,-9.950000000000003,11.549999999999997
7,2022,7,TheBetter brown brother,109.5,88.0,Kip Schwartz,True,97.95,11.549999999999997,-9.950000000000003
8,2022,7,Team Dildo Gaggins,117.0,110.5,EZ Sweezy,True,97.95,19.049999999999997,12.549999999999997
9,2022,7,EZ Sweezy,110.5,117.0,Team Dildo Gaggins,False,97.95,12.549999999999997,19.049999999999997
0,2022,8,Team Han,104.0,97.5,EZ Sweezy,True,113.85,-9.849999999999994,-16.349999999999994
1,2022,8,EZ Sweezy,97.5,104.0,Team Han,False,113.85,-16.349999999999994,-9.849999999999994
2,2022,8,Team Dildo Gaggins,138.5,123.5,TheBetter brown brother,True,113.85,24.650000000000006,9.650000000000006
3,2022,8,TheBetter brown brother,123.5,138.5,Team Dildo Gaggins,False,113.85,9.650000000000006,24.650000000000006
4,2022,8,Artful Dodger,94.0,98.5,Team Miles High,False,113.85,-19.849999999999994,-15.349999999999994
5,2022,8,Team Miles High,98.5,94.0,Artful Dodger,True,113.85,-15.349999999999994,-19.849999999999994
6,2022,8,Kip Schwartz,141.0,112.0,Coon Daddy,True,113.85,27.150000000000006,-1.8499999999999943
7,2022,8,Coon Daddy,112.0,141.0,Kip Schwartz,False,113.85,-1.8499999999999943,27.150000000000006
8,2022,8,Foxconn's Nets Installer,137.0,92.5,Geico Trap,True,113.85,23.150000000000006,-21.349999999999994
9,2022,8,Geico Trap,92.5,137.0,Foxconn's Nets Installer,False,113.85,-21.349999999999994,23.150000000000006
0,2022,9,Team Han,130.0,91.0,Artful Dodger,True,102.3,27.700000000000003,-11.299999999999997
1,2022,9,Artful Dodger,91.0,130.0,Team Han,False,102.3,-11.299999999999997,27.700000000000003
2,2022,9,Team Dildo Gaggins,92.5,76.5,Coon Daddy,True,102.3,-9.799999999999997,-25.799999999999997
3,2022,9,Coon Daddy,76.5,92.5,Team Dildo Gaggins,False,102.3,-25.799999999999997,-9.799999999999997
4,2022,9,Geico Trap,128.5,92.5,TheBetter brown brother,True,102.3,26.200000000000003,-9.799999999999997
5,2022,9,TheBetter brown brother,92.5,128.5,Geico Trap,False,102.3,-9.799999999999997,26.200000000000003
6,2022,9,EZ Sweezy,115.5,99.5,Team Miles High,True,102.3,13.200000000000003,-2.799999999999997
7,2022,9,Team Miles High,99.5,115.5,EZ Sweezy,False,102.3,-2.799999999999997,13.200000000000003
8,2022,9,Foxconn's Nets Installer,98.5,98.5,Kip Schwartz,False,102.3,-3.799999999999997,-3.799999999999997
9,2022,9,Kip Schwartz,98.5,98.5,Foxconn's Nets Installer,False,102.3,-3.799999999999997,-3.799999999999997
0,2022,10,Kip Schwartz,129.5,101.0,Team Han,True,94.85,34.650000000000006,6.150000000000006
1,2022,10,Team Han,101.0,129.5,Kip Schwartz,False,94.85,6.150000000000006,34.650000000000006
2,2022,10,Foxconn's Nets Installer,85.5,87.0,Team Miles High,False,94.85,-9.349999999999994,-7.849999999999994
3,2022,10,Team Miles High,87.0,85.5,Foxconn's Nets Installer,True,94.85,-7.849999999999994,-9.349999999999994
4,2022,10,Coon Daddy,86.5,74.5,TheBetter brown brother,True,94.85,-8.349999999999994,-20.349999999999994
5,2022,10,TheBetter brown brother,74.5,86.5,Coon Daddy,False,94.85,-20.349999999999994,-8.349999999999994
6,2022,10,EZ Sweezy,60.0,84.5,Geico Trap,False,94.85,-34.849999999999994,-10.349999999999994
7,2022,10,Geico Trap,84.5,60.0,EZ Sweezy,True,94.85,-10.349999999999994,-34.849999999999994
8,2022,10,Team Dildo Gaggins,109.0,131.0,Artful Dodger,False,94.85,14.150000000000006,36.150000000000006
9,2022,10,Artful Dodger,131.0,109.0,Team Dildo Gaggins,True,94.85,36.150000000000006,14.150000000000006
